node_id,node_name,node_type,latitude,longitude
N0001,Plant_A,Industrial_Plant,8.0,77.0
N0002,Plant_B,Industrial_Plant,8.0,77.0025
N0003,Chemical_Storage,Industrial_Plant,8.0,77.005
N0004,Fuel_Storage,Industrial_Plant,8.0,77.0075
N0005,Emergency_Hospital,Hospital,8.0,77.01
N0006,Central_Fire_Station,Fire_Station,8.0,77.0125
N0007,Central_Police_Station,Police_Station,8.0,77.015
N0008,Main_Evacuation_Point,Evacuation_Point,8.0,77.0175
N0009,Emergency_Gate_A,Emergency_Gate,8.0,77.02
N0010,Emergency_Gate_B,Emergency_Gate,8.0,77.0225
N0011,Junction_0010,Junction,8.0,77.025
N0012,Residential_0011,Residential,8.0,77.0275
N0013,Open_Area_0012,Open_Area,8.0,77.03
N0014,Junction_0013,Junction,8.0,77.0325
N0015,Residential_0014,Residential,8.0,77.035
N0016,Open_Area_0015,Open_Area,8.0,77.0375
N0017,Junction_0016,Junction,8.0,77.04
N0018,Fuel_Station_0017,Fuel_Station,8.0,77.0425
N0019,Residential_0018,Residential,8.0,77.045
N0020,Factory_0019,Factory,8.0,77.0475
N0021,Junction_0020,Junction,8.0,77.05
N0022,Residential_0021,Residential,8.0,77.0525
N0023,Junction_0022,Junction,8.0,77.055
N0024,Fuel_Station_0023,Fuel_Station,8.0,77.0575
N0025,Junction_0024,Junction,8.0,77.06
N0026,Residential_0025,Residential,8.0,77.0625
N0027,Residential_0026,Residential,8.0,77.065
N0028,Junction_0027,Junction,8.0,77.0675
N0029,Warehouse_0028,Warehouse,8.0,77.07
N0030,Fuel_Station_0029,Fuel_Station,8.0,77.0725
N0031,Junction_0030,Junction,8.0,77.075
N0032,Junction_0031,Junction,8.0,77.0775
N0033,Junction_0032,Junction,8.0,77.08
N0034,Warehouse_0033,Warehouse,8.0,77.0825
N0035,Junction_0034,Junction,8.0,77.085
N0036,Open_Area_0035,Open_Area,8.0,77.0875
N0037,Junction_0036,Junction,8.0,77.09
N0038,Junction_0037,Junction,8.0,77.0925
N0039,Residential_0038,Residential,8.0,77.095
N0040,Warehouse_0039,Warehouse,8.0,77.0975
N0041,School_0040,School,8.0,77.1
N0042,Warehouse_0041,Warehouse,8.0,77.1025
N0043,Residential_0042,Residential,8.0,77.105
N0044,Residential_0043,Residential,8.0,77.1075
N0045,Junction_0044,Junction,8.0,77.11
N0046,Residential_0045,Residential,8.0,77.1125
N0047,Residential_0046,Residential,8.0,77.115
N0048,Residential_0047,Residential,8.0,77.1175
N0049,Junction_0048,Junction,8.0,77.12
N0050,Residential_0049,Residential,8.0,77.1225
N0051,Open_Area_0050,Open_Area,8.0025,77.0
N0052,Junction_0051,Junction,8.0025,77.0025
N0053,Junction_0052,Junction,8.0025,77.005
N0054,Junction_0053,Junction,8.0025,77.0075
N0055,Junction_0054,Junction,8.0025,77.01
N0056,Junction_0055,Junction,8.0025,77.0125
N0057,Warehouse_0056,Warehouse,8.0025,77.015
N0058,Factory_0057,Factory,8.0025,77.0175
N0059,School_0058,School,8.0025,77.02
N0060,Junction_0059,Junction,8.0025,77.0225
N0061,Junction_0060,Junction,8.0025,77.025
N0062,Open_Area_0061,Open_Area,8.0025,77.0275
N0063,Junction_0062,Junction,8.0025,77.03
N0064,Residential_0063,Residential,8.0025,77.0325
N0065,Junction_0064,Junction,8.0025,77.035
N0066,Warehouse_0065,Warehouse,8.0025,77.0375
N0067,Open_Area_0066,Open_Area,8.0025,77.04
N0068,Residential_0067,Residential,8.0025,77.0425
N0069,Junction_0068,Junction,8.0025,77.045
N0070,Warehouse_0069,Warehouse,8.0025,77.0475
N0071,Warehouse_0070,Warehouse,8.0025,77.05
N0072,Warehouse_0071,Warehouse,8.0025,77.0525
N0073,Warehouse_0072,Warehouse,8.0025,77.055
N0074,Junction_0073,Junction,8.0025,77.0575
N0075,Open_Area_0074,Open_Area,8.0025,77.06
N0076,Warehouse_0075,Warehouse,8.0025,77.0625
N0077,Junction_0076,Junction,8.0025,77.065
N0078,Fuel_Station_0077,Fuel_Station,8.0025,77.0675
N0079,Junction_0078,Junction,8.0025,77.07
N0080,Junction_0079,Junction,8.0025,77.0725
N0081,Residential_0080,Residential,8.0025,77.075
N0082,Junction_0081,Junction,8.0025,77.0775
N0083,Residential_0082,Residential,8.0025,77.08
N0084,Residential_0083,Residential,8.0025,77.0825
N0085,Junction_0084,Junction,8.0025,77.085
N0086,Factory_0085,Factory,8.0025,77.0875
N0087,Junction_0086,Junction,8.0025,77.09
N0088,Junction_0087,Junction,8.0025,77.0925
N0089,Hospital_0088,Hospital,8.0025,77.095
N0090,Factory_0089,Factory,8.0025,77.0975
N0091,Junction_0090,Junction,8.0025,77.1
N0092,School_0091,School,8.0025,77.1025
N0093,Factory_0092,Factory,8.0025,77.105
N0094,Fuel_Station_0093,Fuel_Station,8.0025,77.1075
N0095,Junction_0094,Junction,8.0025,77.11
N0096,Junction_0095,Junction,8.0025,77.1125
N0097,Junction_0096,Junction,8.0025,77.115
N0098,Hospital_0097,Hospital,8.0025,77.1175
N0099,School_0098,School,8.0025,77.12
N0100,Junction_0099,Junction,8.0025,77.1225
N0101,Warehouse_0100,Warehouse,8.005,77.0
N0102,Open_Area_0101,Open_Area,8.005,77.0025
N0103,Factory_0102,Factory,8.005,77.005
N0104,Junction_0103,Junction,8.005,77.0075
N0105,Warehouse_0104,Warehouse,8.005,77.01
N0106,Open_Area_0105,Open_Area,8.005,77.0125
N0107,Fuel_Station_0106,Fuel_Station,8.005,77.015
N0108,Warehouse_0107,Warehouse,8.005,77.0175
N0109,Fuel_Station_0108,Fuel_Station,8.005,77.02
N0110,Junction_0109,Junction,8.005,77.0225
N0111,Open_Area_0110,Open_Area,8.005,77.025
N0112,Junction_0111,Junction,8.005,77.0275
N0113,Open_Area_0112,Open_Area,8.005,77.03
N0114,Residential_0113,Residential,8.005,77.0325
N0115,Junction_0114,Junction,8.005,77.035
N0116,Warehouse_0115,Warehouse,8.005,77.0375
N0117,Warehouse_0116,Warehouse,8.005,77.04
N0118,Warehouse_0117,Warehouse,8.005,77.0425
N0119,Warehouse_0118,Warehouse,8.005,77.045
N0120,Residential_0119,Residential,8.005,77.0475
N0121,Fuel_Station_0120,Fuel_Station,8.005,77.05
N0122,Warehouse_0121,Warehouse,8.005,77.0525
N0123,Residential_0122,Residential,8.005,77.055
N0124,Factory_0123,Factory,8.005,77.0575
N0125,Open_Area_0124,Open_Area,8.005,77.06
N0126,Junction_0125,Junction,8.005,77.0625
N0127,Residential_0126,Residential,8.005,77.065
N0128,Junction_0127,Junction,8.005,77.0675
N0129,Open_Area_0128,Open_Area,8.005,77.07
N0130,Warehouse_0129,Warehouse,8.005,77.0725
N0131,Warehouse_0130,Warehouse,8.005,77.075
N0132,Warehouse_0131,Warehouse,8.005,77.0775
N0133,Junction_0132,Junction,8.005,77.08
N0134,Open_Area_0133,Open_Area,8.005,77.0825
N0135,School_0134,School,8.005,77.085
N0136,School_0135,School,8.005,77.0875
N0137,Junction_0136,Junction,8.005,77.09
N0138,Junction_0137,Junction,8.005,77.0925
N0139,Residential_0138,Residential,8.005,77.095
N0140,Open_Area_0139,Open_Area,8.005,77.0975
N0141,Junction_0140,Junction,8.005,77.1
N0142,Residential_0141,Residential,8.005,77.1025
N0143,Factory_0142,Factory,8.005,77.105
N0144,Factory_0143,Factory,8.005,77.1075
N0145,Residential_0144,Residential,8.005,77.11
N0146,Residential_0145,Residential,8.005,77.1125
N0147,Warehouse_0146,Warehouse,8.005,77.115
N0148,Junction_0147,Junction,8.005,77.1175
N0149,Junction_0148,Junction,8.005,77.12
N0150,Junction_0149,Junction,8.005,77.1225
N0151,Warehouse_0150,Warehouse,8.0075,77.0
N0152,Junction_0151,Junction,8.0075,77.0025
N0153,Junction_0152,Junction,8.0075,77.005
N0154,Junction_0153,Junction,8.0075,77.0075
N0155,Hospital_0154,Hospital,8.0075,77.01
N0156,Junction_0155,Junction,8.0075,77.0125
N0157,Warehouse_0156,Warehouse,8.0075,77.015
N0158,Hospital_0157,Hospital,8.0075,77.0175
N0159,Warehouse_0158,Warehouse,8.0075,77.02
N0160,Warehouse_0159,Warehouse,8.0075,77.0225
N0161,Hospital_0160,Hospital,8.0075,77.025
N0162,Junction_0161,Junction,8.0075,77.0275
N0163,Open_Area_0162,Open_Area,8.0075,77.03
N0164,Junction_0163,Junction,8.0075,77.0325
N0165,Factory_0164,Factory,8.0075,77.035
N0166,Factory_0165,Factory,8.0075,77.0375
N0167,Factory_0166,Factory,8.0075,77.04
N0168,Residential_0167,Residential,8.0075,77.0425
N0169,Open_Area_0168,Open_Area,8.0075,77.045
N0170,Junction_0169,Junction,8.0075,77.0475
N0171,Junction_0170,Junction,8.0075,77.05
N0172,Junction_0171,Junction,8.0075,77.0525
N0173,Residential_0172,Residential,8.0075,77.055
N0174,Open_Area_0173,Open_Area,8.0075,77.0575
N0175,Factory_0174,Factory,8.0075,77.06
N0176,Junction_0175,Junction,8.0075,77.0625
N0177,School_0176,School,8.0075,77.065
N0178,Junction_0177,Junction,8.0075,77.0675
N0179,School_0178,School,8.0075,77.07
N0180,Residential_0179,Residential,8.0075,77.0725
N0181,Junction_0180,Junction,8.0075,77.075
N0182,Warehouse_0181,Warehouse,8.0075,77.0775
N0183,Open_Area_0182,Open_Area,8.0075,77.08
N0184,Junction_0183,Junction,8.0075,77.0825
N0185,Junction_0184,Junction,8.0075,77.085
N0186,School_0185,School,8.0075,77.0875
N0187,School_0186,School,8.0075,77.09
N0188,Warehouse_0187,Warehouse,8.0075,77.0925
N0189,Open_Area_0188,Open_Area,8.0075,77.095
N0190,Junction_0189,Junction,8.0075,77.0975
N0191,Junction_0190,Junction,8.0075,77.1
N0192,Junction_0191,Junction,8.0075,77.1025
N0193,Junction_0192,Junction,8.0075,77.105
N0194,Factory_0193,Factory,8.0075,77.1075
N0195,Open_Area_0194,Open_Area,8.0075,77.11
N0196,Junction_0195,Junction,8.0075,77.1125
N0197,Junction_0196,Junction,8.0075,77.115
N0198,Junction_0197,Junction,8.0075,77.1175
N0199,Open_Area_0198,Open_Area,8.0075,77.12
N0200,Warehouse_0199,Warehouse,8.0075,77.1225
N0201,School_0200,School,8.01,77.0
N0202,Junction_0201,Junction,8.01,77.0025
N0203,Junction_0202,Junction,8.01,77.005
N0204,Junction_0203,Junction,8.01,77.0075
N0205,Open_Area_0204,Open_Area,8.01,77.01
N0206,Residential_0205,Residential,8.01,77.0125
N0207,Junction_0206,Junction,8.01,77.015
N0208,Junction_0207,Junction,8.01,77.0175
N0209,Junction_0208,Junction,8.01,77.02
N0210,Junction_0209,Junction,8.01,77.0225
N0211,Junction_0210,Junction,8.01,77.025
N0212,Hospital_0211,Hospital,8.01,77.0275
N0213,Junction_0212,Junction,8.01,77.03
N0214,Junction_0213,Junction,8.01,77.0325
N0215,Junction_0214,Junction,8.01,77.035
N0216,Fuel_Station_0215,Fuel_Station,8.01,77.0375
N0217,Hospital_0216,Hospital,8.01,77.04
N0218,Junction_0217,Junction,8.01,77.0425
N0219,Factory_0218,Factory,8.01,77.045
N0220,School_0219,School,8.01,77.0475
N0221,Warehouse_0220,Warehouse,8.01,77.05
N0222,Warehouse_0221,Warehouse,8.01,77.0525
N0223,Residential_0222,Residential,8.01,77.055
N0224,Junction_0223,Junction,8.01,77.0575
N0225,Junction_0224,Junction,8.01,77.06
N0226,Residential_0225,Residential,8.01,77.0625
N0227,Residential_0226,Residential,8.01,77.065
N0228,Residential_0227,Residential,8.01,77.0675
N0229,Junction_0228,Junction,8.01,77.07
N0230,Junction_0229,Junction,8.01,77.0725
N0231,Junction_0230,Junction,8.01,77.075
N0232,School_0231,School,8.01,77.0775
N0233,Factory_0232,Factory,8.01,77.08
N0234,Warehouse_0233,Warehouse,8.01,77.0825
N0235,Junction_0234,Junction,8.01,77.085
N0236,Junction_0235,Junction,8.01,77.0875
N0237,Junction_0236,Junction,8.01,77.09
N0238,Factory_0237,Factory,8.01,77.0925
N0239,Residential_0238,Residential,8.01,77.095
N0240,Residential_0239,Residential,8.01,77.0975
N0241,Factory_0240,Factory,8.01,77.1
N0242,Junction_0241,Junction,8.01,77.1025
N0243,Junction_0242,Junction,8.01,77.105
N0244,Warehouse_0243,Warehouse,8.01,77.1075
N0245,Residential_0244,Residential,8.01,77.11
N0246,Residential_0245,Residential,8.01,77.1125
N0247,Junction_0246,Junction,8.01,77.115
N0248,Residential_0247,Residential,8.01,77.1175
N0249,Residential_0248,Residential,8.01,77.12
N0250,Warehouse_0249,Warehouse,8.01,77.1225
N0251,Warehouse_0250,Warehouse,8.0125,77.0
N0252,Junction_0251,Junction,8.0125,77.0025
N0253,Hospital_0252,Hospital,8.0125,77.005
N0254,Residential_0253,Residential,8.0125,77.0075
N0255,Warehouse_0254,Warehouse,8.0125,77.01
N0256,Junction_0255,Junction,8.0125,77.0125
N0257,Junction_0256,Junction,8.0125,77.015
N0258,Factory_0257,Factory,8.0125,77.0175
N0259,Junction_0258,Junction,8.0125,77.02
N0260,Open_Area_0259,Open_Area,8.0125,77.0225
N0261,Junction_0260,Junction,8.0125,77.025
N0262,Junction_0261,Junction,8.0125,77.0275
N0263,Warehouse_0262,Warehouse,8.0125,77.03
N0264,Factory_0263,Factory,8.0125,77.0325
N0265,Hospital_0264,Hospital,8.0125,77.035
N0266,Junction_0265,Junction,8.0125,77.0375
N0267,Residential_0266,Residential,8.0125,77.04
N0268,Hospital_0267,Hospital,8.0125,77.0425
N0269,Residential_0268,Residential,8.0125,77.045
N0270,Hospital_0269,Hospital,8.0125,77.0475
N0271,Warehouse_0270,Warehouse,8.0125,77.05
N0272,Open_Area_0271,Open_Area,8.0125,77.0525
N0273,Junction_0272,Junction,8.0125,77.055
N0274,School_0273,School,8.0125,77.0575
N0275,Junction_0274,Junction,8.0125,77.06
N0276,Junction_0275,Junction,8.0125,77.0625
N0277,Junction_0276,Junction,8.0125,77.065
N0278,Residential_0277,Residential,8.0125,77.0675
N0279,Residential_0278,Residential,8.0125,77.07
N0280,Residential_0279,Residential,8.0125,77.0725
N0281,Factory_0280,Factory,8.0125,77.075
N0282,Warehouse_0281,Warehouse,8.0125,77.0775
N0283,Residential_0282,Residential,8.0125,77.08
N0284,Residential_0283,Residential,8.0125,77.0825
N0285,Junction_0284,Junction,8.0125,77.085
N0286,Residential_0285,Residential,8.0125,77.0875
N0287,Junction_0286,Junction,8.0125,77.09
N0288,Fuel_Station_0287,Fuel_Station,8.0125,77.0925
N0289,Junction_0288,Junction,8.0125,77.095
N0290,Fuel_Station_0289,Fuel_Station,8.0125,77.0975
N0291,Residential_0290,Residential,8.0125,77.1
N0292,Junction_0291,Junction,8.0125,77.1025
N0293,Warehouse_0292,Warehouse,8.0125,77.105
N0294,Residential_0293,Residential,8.0125,77.1075
N0295,Open_Area_0294,Open_Area,8.0125,77.11
N0296,Junction_0295,Junction,8.0125,77.1125
N0297,Junction_0296,Junction,8.0125,77.115
N0298,Junction_0297,Junction,8.0125,77.1175
N0299,Warehouse_0298,Warehouse,8.0125,77.12
N0300,Junction_0299,Junction,8.0125,77.1225
N0301,Junction_0300,Junction,8.015,77.0
N0302,Residential_0301,Residential,8.015,77.0025
N0303,School_0302,School,8.015,77.005
N0304,Hospital_0303,Hospital,8.015,77.0075
N0305,Residential_0304,Residential,8.015,77.01
N0306,Fuel_Station_0305,Fuel_Station,8.015,77.0125
N0307,Junction_0306,Junction,8.015,77.015
N0308,Warehouse_0307,Warehouse,8.015,77.0175
N0309,Factory_0308,Factory,8.015,77.02
N0310,Junction_0309,Junction,8.015,77.0225
N0311,Warehouse_0310,Warehouse,8.015,77.025
N0312,Factory_0311,Factory,8.015,77.0275
N0313,School_0312,School,8.015,77.03
N0314,Factory_0313,Factory,8.015,77.0325
N0315,Junction_0314,Junction,8.015,77.035
N0316,School_0315,School,8.015,77.0375
N0317,Factory_0316,Factory,8.015,77.04
N0318,Factory_0317,Factory,8.015,77.0425
N0319,Factory_0318,Factory,8.015,77.045
N0320,Junction_0319,Junction,8.015,77.0475
N0321,Hospital_0320,Hospital,8.015,77.05
N0322,Residential_0321,Residential,8.015,77.0525
N0323,Junction_0322,Junction,8.015,77.055
N0324,Warehouse_0323,Warehouse,8.015,77.0575
N0325,Junction_0324,Junction,8.015,77.06
N0326,Junction_0325,Junction,8.015,77.0625
N0327,Warehouse_0326,Warehouse,8.015,77.065
N0328,Junction_0327,Junction,8.015,77.0675
N0329,Junction_0328,Junction,8.015,77.07
N0330,Warehouse_0329,Warehouse,8.015,77.0725
N0331,Hospital_0330,Hospital,8.015,77.075
N0332,Residential_0331,Residential,8.015,77.0775
N0333,Junction_0332,Junction,8.015,77.08
N0334,Junction_0333,Junction,8.015,77.0825
N0335,Factory_0334,Factory,8.015,77.085
N0336,Residential_0335,Residential,8.015,77.0875
N0337,Factory_0336,Factory,8.015,77.09
N0338,Warehouse_0337,Warehouse,8.015,77.0925
N0339,Warehouse_0338,Warehouse,8.015,77.095
N0340,Residential_0339,Residential,8.015,77.0975
N0341,Warehouse_0340,Warehouse,8.015,77.1
N0342,School_0341,School,8.015,77.1025
N0343,Warehouse_0342,Warehouse,8.015,77.105
N0344,School_0343,School,8.015,77.1075
N0345,Residential_0344,Residential,8.015,77.11
N0346,Hospital_0345,Hospital,8.015,77.1125
N0347,Junction_0346,Junction,8.015,77.115
N0348,Open_Area_0347,Open_Area,8.015,77.1175
N0349,Junction_0348,Junction,8.015,77.12
N0350,Junction_0349,Junction,8.015,77.1225
N0351,Junction_0350,Junction,8.0175,77.0
N0352,Warehouse_0351,Warehouse,8.0175,77.0025
N0353,Factory_0352,Factory,8.0175,77.005
N0354,Open_Area_0353,Open_Area,8.0175,77.0075
N0355,Warehouse_0354,Warehouse,8.0175,77.01
N0356,Junction_0355,Junction,8.0175,77.0125
N0357,Junction_0356,Junction,8.0175,77.015
N0358,Junction_0357,Junction,8.0175,77.0175
N0359,School_0358,School,8.0175,77.02
N0360,Junction_0359,Junction,8.0175,77.0225
N0361,Junction_0360,Junction,8.0175,77.025
N0362,Junction_0361,Junction,8.0175,77.0275
N0363,Residential_0362,Residential,8.0175,77.03
N0364,Residential_0363,Residential,8.0175,77.0325
N0365,Residential_0364,Residential,8.0175,77.035
N0366,Residential_0365,Residential,8.0175,77.0375
N0367,Residential_0366,Residential,8.0175,77.04
N0368,Factory_0367,Factory,8.0175,77.0425
N0369,Residential_0368,Residential,8.0175,77.045
N0370,Hospital_0369,Hospital,8.0175,77.0475
N0371,Junction_0370,Junction,8.0175,77.05
N0372,Residential_0371,Residential,8.0175,77.0525
N0373,Junction_0372,Junction,8.0175,77.055
N0374,Residential_0373,Residential,8.0175,77.0575
N0375,Residential_0374,Residential,8.0175,77.06
N0376,Residential_0375,Residential,8.0175,77.0625
N0377,Junction_0376,Junction,8.0175,77.065
N0378,Residential_0377,Residential,8.0175,77.0675
N0379,Junction_0378,Junction,8.0175,77.07
N0380,Fuel_Station_0379,Fuel_Station,8.0175,77.0725
N0381,Hospital_0380,Hospital,8.0175,77.075
N0382,Warehouse_0381,Warehouse,8.0175,77.0775
N0383,Junction_0382,Junction,8.0175,77.08
N0384,Warehouse_0383,Warehouse,8.0175,77.0825
N0385,Junction_0384,Junction,8.0175,77.085
N0386,Fuel_Station_0385,Fuel_Station,8.0175,77.0875
N0387,Junction_0386,Junction,8.0175,77.09
N0388,Hospital_0387,Hospital,8.0175,77.0925
N0389,Residential_0388,Residential,8.0175,77.095
N0390,Junction_0389,Junction,8.0175,77.0975
N0391,Residential_0390,Residential,8.0175,77.1
N0392,Open_Area_0391,Open_Area,8.0175,77.1025
N0393,Factory_0392,Factory,8.0175,77.105
N0394,Hospital_0393,Hospital,8.0175,77.1075
N0395,Residential_0394,Residential,8.0175,77.11
N0396,Junction_0395,Junction,8.0175,77.1125
N0397,Junction_0396,Junction,8.0175,77.115
N0398,Factory_0397,Factory,8.0175,77.1175
N0399,Open_Area_0398,Open_Area,8.0175,77.12
N0400,Warehouse_0399,Warehouse,8.0175,77.1225
N0401,Hospital_0400,Hospital,8.02,77.0
N0402,Residential_0401,Residential,8.02,77.0025
N0403,Junction_0402,Junction,8.02,77.005
N0404,Residential_0403,Residential,8.02,77.0075
N0405,Warehouse_0404,Warehouse,8.02,77.01
N0406,Junction_0405,Junction,8.02,77.0125
N0407,Residential_0406,Residential,8.02,77.015
N0408,Junction_0407,Junction,8.02,77.0175
N0409,Fuel_Station_0408,Fuel_Station,8.02,77.02
N0410,Fuel_Station_0409,Fuel_Station,8.02,77.0225
N0411,Open_Area_0410,Open_Area,8.02,77.025
N0412,Warehouse_0411,Warehouse,8.02,77.0275
N0413,Factory_0412,Factory,8.02,77.03
N0414,Open_Area_0413,Open_Area,8.02,77.0325
N0415,Warehouse_0414,Warehouse,8.02,77.035
N0416,Junction_0415,Junction,8.02,77.0375
N0417,Junction_0416,Junction,8.02,77.04
N0418,Junction_0417,Junction,8.02,77.0425
N0419,Junction_0418,Junction,8.02,77.045
N0420,Hospital_0419,Hospital,8.02,77.0475
N0421,Hospital_0420,Hospital,8.02,77.05
N0422,Warehouse_0421,Warehouse,8.02,77.0525
N0423,Junction_0422,Junction,8.02,77.055
N0424,Factory_0423,Factory,8.02,77.0575
N0425,Warehouse_0424,Warehouse,8.02,77.06
N0426,Warehouse_0425,Warehouse,8.02,77.0625
N0427,Junction_0426,Junction,8.02,77.065
N0428,Fuel_Station_0427,Fuel_Station,8.02,77.0675
N0429,Open_Area_0428,Open_Area,8.02,77.07
N0430,Junction_0429,Junction,8.02,77.0725
N0431,Junction_0430,Junction,8.02,77.075
N0432,Residential_0431,Residential,8.02,77.0775
N0433,Hospital_0432,Hospital,8.02,77.08
N0434,Open_Area_0433,Open_Area,8.02,77.0825
N0435,Junction_0434,Junction,8.02,77.085
N0436,Junction_0435,Junction,8.02,77.0875
N0437,Junction_0436,Junction,8.02,77.09
N0438,Residential_0437,Residential,8.02,77.0925
N0439,Junction_0438,Junction,8.02,77.095
N0440,Residential_0439,Residential,8.02,77.0975
N0441,Warehouse_0440,Warehouse,8.02,77.1
N0442,Residential_0441,Residential,8.02,77.1025
N0443,Junction_0442,Junction,8.02,77.105
N0444,Junction_0443,Junction,8.02,77.1075
N0445,Residential_0444,Residential,8.02,77.11
N0446,Warehouse_0445,Warehouse,8.02,77.1125
N0447,Junction_0446,Junction,8.02,77.115
N0448,Factory_0447,Factory,8.02,77.1175
N0449,Warehouse_0448,Warehouse,8.02,77.12
N0450,Residential_0449,Residential,8.02,77.1225
N0451,Factory_0450,Factory,8.0225,77.0
N0452,Warehouse_0451,Warehouse,8.0225,77.0025
N0453,Open_Area_0452,Open_Area,8.0225,77.005
N0454,Warehouse_0453,Warehouse,8.0225,77.0075
N0455,Junction_0454,Junction,8.0225,77.01
N0456,Junction_0455,Junction,8.0225,77.0125
N0457,Junction_0456,Junction,8.0225,77.015
N0458,Open_Area_0457,Open_Area,8.0225,77.0175
N0459,School_0458,School,8.0225,77.02
N0460,Open_Area_0459,Open_Area,8.0225,77.0225
N0461,Junction_0460,Junction,8.0225,77.025
N0462,Warehouse_0461,Warehouse,8.0225,77.0275
N0463,Factory_0462,Factory,8.0225,77.03
N0464,Factory_0463,Factory,8.0225,77.0325
N0465,Residential_0464,Residential,8.0225,77.035
N0466,Junction_0465,Junction,8.0225,77.0375
N0467,Residential_0466,Residential,8.0225,77.04
N0468,Warehouse_0467,Warehouse,8.0225,77.0425
N0469,Open_Area_0468,Open_Area,8.0225,77.045
N0470,Factory_0469,Factory,8.0225,77.0475
N0471,Residential_0470,Residential,8.0225,77.05
N0472,Hospital_0471,Hospital,8.0225,77.0525
N0473,Warehouse_0472,Warehouse,8.0225,77.055
N0474,Junction_0473,Junction,8.0225,77.0575
N0475,Junction_0474,Junction,8.0225,77.06
N0476,Junction_0475,Junction,8.0225,77.0625
N0477,Residential_0476,Residential,8.0225,77.065
N0478,Residential_0477,Residential,8.0225,77.0675
N0479,Junction_0478,Junction,8.0225,77.07
N0480,Junction_0479,Junction,8.0225,77.0725
N0481,Junction_0480,Junction,8.0225,77.075
N0482,Junction_0481,Junction,8.0225,77.0775
N0483,Factory_0482,Factory,8.0225,77.08
N0484,Junction_0483,Junction,8.0225,77.0825
N0485,Warehouse_0484,Warehouse,8.0225,77.085
N0486,Open_Area_0485,Open_Area,8.0225,77.0875
N0487,Residential_0486,Residential,8.0225,77.09
N0488,School_0487,School,8.0225,77.0925
N0489,Fuel_Station_0488,Fuel_Station,8.0225,77.095
N0490,Junction_0489,Junction,8.0225,77.0975
N0491,Junction_0490,Junction,8.0225,77.1
N0492,Warehouse_0491,Warehouse,8.0225,77.1025
N0493,Residential_0492,Residential,8.0225,77.105
N0494,Junction_0493,Junction,8.0225,77.1075
N0495,Junction_0494,Junction,8.0225,77.11
N0496,Junction_0495,Junction,8.0225,77.1125
N0497,Factory_0496,Factory,8.0225,77.115
N0498,Residential_0497,Residential,8.0225,77.1175
N0499,Hospital_0498,Hospital,8.0225,77.12
N0500,Factory_0499,Factory,8.0225,77.1225
N0501,Open_Area_0500,Open_Area,8.025,77.0
N0502,Junction_0501,Junction,8.025,77.0025
N0503,Residential_0502,Residential,8.025,77.005
N0504,Factory_0503,Factory,8.025,77.0075
N0505,Junction_0504,Junction,8.025,77.01
N0506,Warehouse_0505,Warehouse,8.025,77.0125
N0507,Open_Area_0506,Open_Area,8.025,77.015
N0508,Junction_0507,Junction,8.025,77.0175
N0509,Junction_0508,Junction,8.025,77.02
N0510,Open_Area_0509,Open_Area,8.025,77.0225
N0511,Hospital_0510,Hospital,8.025,77.025
N0512,Warehouse_0511,Warehouse,8.025,77.0275
N0513,Factory_0512,Factory,8.025,77.03
N0514,Factory_0513,Factory,8.025,77.0325
N0515,Fuel_Station_0514,Fuel_Station,8.025,77.035
N0516,Junction_0515,Junction,8.025,77.0375
N0517,Residential_0516,Residential,8.025,77.04
N0518,Junction_0517,Junction,8.025,77.0425
N0519,Warehouse_0518,Warehouse,8.025,77.045
N0520,Warehouse_0519,Warehouse,8.025,77.0475
N0521,School_0520,School,8.025,77.05
N0522,Hospital_0521,Hospital,8.025,77.0525
N0523,Junction_0522,Junction,8.025,77.055
N0524,Junction_0523,Junction,8.025,77.0575
N0525,Residential_0524,Residential,8.025,77.06
N0526,Open_Area_0525,Open_Area,8.025,77.0625
N0527,Junction_0526,Junction,8.025,77.065
N0528,Residential_0527,Residential,8.025,77.0675
N0529,School_0528,School,8.025,77.07
N0530,Warehouse_0529,Warehouse,8.025,77.0725
N0531,Open_Area_0530,Open_Area,8.025,77.075
N0532,Residential_0531,Residential,8.025,77.0775
N0533,Open_Area_0532,Open_Area,8.025,77.08
N0534,Junction_0533,Junction,8.025,77.0825
N0535,Junction_0534,Junction,8.025,77.085
N0536,Factory_0535,Factory,8.025,77.0875
N0537,Warehouse_0536,Warehouse,8.025,77.09
N0538,Residential_0537,Residential,8.025,77.0925
N0539,Factory_0538,Factory,8.025,77.095
N0540,Warehouse_0539,Warehouse,8.025,77.0975
N0541,Residential_0540,Residential,8.025,77.1
N0542,Junction_0541,Junction,8.025,77.1025
N0543,Junction_0542,Junction,8.025,77.105
N0544,Residential_0543,Residential,8.025,77.1075
N0545,Residential_0544,Residential,8.025,77.11
N0546,Junction_0545,Junction,8.025,77.1125
N0547,Residential_0546,Residential,8.025,77.115
N0548,Factory_0547,Factory,8.025,77.1175
N0549,Hospital_0548,Hospital,8.025,77.12
N0550,Warehouse_0549,Warehouse,8.025,77.1225
N0551,Hospital_0550,Hospital,8.0275,77.0
N0552,Residential_0551,Residential,8.0275,77.0025
N0553,Open_Area_0552,Open_Area,8.0275,77.005
N0554,Residential_0553,Residential,8.0275,77.0075
N0555,Junction_0554,Junction,8.0275,77.01
N0556,Open_Area_0555,Open_Area,8.0275,77.0125
N0557,Residential_0556,Residential,8.0275,77.015
N0558,Junction_0557,Junction,8.0275,77.0175
N0559,Junction_0558,Junction,8.0275,77.02
N0560,Factory_0559,Factory,8.0275,77.0225
N0561,Junction_0560,Junction,8.0275,77.025
N0562,Residential_0561,Residential,8.0275,77.0275
N0563,Factory_0562,Factory,8.0275,77.03
N0564,Fuel_Station_0563,Fuel_Station,8.0275,77.0325
N0565,Warehouse_0564,Warehouse,8.0275,77.035
N0566,Hospital_0565,Hospital,8.0275,77.0375
N0567,Open_Area_0566,Open_Area,8.0275,77.04
N0568,Junction_0567,Junction,8.0275,77.0425
N0569,Residential_0568,Residential,8.0275,77.045
N0570,Warehouse_0569,Warehouse,8.0275,77.0475
N0571,Junction_0570,Junction,8.0275,77.05
N0572,Open_Area_0571,Open_Area,8.0275,77.0525
N0573,Warehouse_0572,Warehouse,8.0275,77.055
N0574,School_0573,School,8.0275,77.0575
N0575,Junction_0574,Junction,8.0275,77.06
N0576,Warehouse_0575,Warehouse,8.0275,77.0625
N0577,Residential_0576,Residential,8.0275,77.065
N0578,Open_Area_0577,Open_Area,8.0275,77.0675
N0579,Residential_0578,Residential,8.0275,77.07
N0580,Junction_0579,Junction,8.0275,77.0725
N0581,Residential_0580,Residential,8.0275,77.075
N0582,Junction_0581,Junction,8.0275,77.0775
N0583,Warehouse_0582,Warehouse,8.0275,77.08
N0584,Factory_0583,Factory,8.0275,77.0825
N0585,Junction_0584,Junction,8.0275,77.085
N0586,Junction_0585,Junction,8.0275,77.0875
N0587,Residential_0586,Residential,8.0275,77.09
N0588,Residential_0587,Residential,8.0275,77.0925
N0589,Junction_0588,Junction,8.0275,77.095
N0590,Residential_0589,Residential,8.0275,77.0975
N0591,Junction_0590,Junction,8.0275,77.1
N0592,Residential_0591,Residential,8.0275,77.1025
N0593,Factory_0592,Factory,8.0275,77.105
N0594,Junction_0593,Junction,8.0275,77.1075
N0595,Factory_0594,Factory,8.0275,77.11
N0596,Residential_0595,Residential,8.0275,77.1125
N0597,Junction_0596,Junction,8.0275,77.115
N0598,School_0597,School,8.0275,77.1175
N0599,Warehouse_0598,Warehouse,8.0275,77.12
N0600,Warehouse_0599,Warehouse,8.0275,77.1225
N0601,Residential_0600,Residential,8.03,77.0
N0602,Junction_0601,Junction,8.03,77.0025
N0603,Junction_0602,Junction,8.03,77.005
N0604,Junction_0603,Junction,8.03,77.0075
N0605,Hospital_0604,Hospital,8.03,77.01
N0606,Warehouse_0605,Warehouse,8.03,77.0125
N0607,Junction_0606,Junction,8.03,77.015
N0608,Hospital_0607,Hospital,8.03,77.0175
N0609,Junction_0608,Junction,8.03,77.02
N0610,School_0609,School,8.03,77.0225
N0611,Junction_0610,Junction,8.03,77.025
N0612,Fuel_Station_0611,Fuel_Station,8.03,77.0275
N0613,Junction_0612,Junction,8.03,77.03
N0614,Junction_0613,Junction,8.03,77.0325
N0615,Residential_0614,Residential,8.03,77.035
N0616,Hospital_0615,Hospital,8.03,77.0375
N0617,Junction_0616,Junction,8.03,77.04
N0618,Junction_0617,Junction,8.03,77.0425
N0619,Junction_0618,Junction,8.03,77.045
N0620,Junction_0619,Junction,8.03,77.0475
N0621,Junction_0620,Junction,8.03,77.05
N0622,Junction_0621,Junction,8.03,77.0525
N0623,Junction_0622,Junction,8.03,77.055
N0624,Warehouse_0623,Warehouse,8.03,77.0575
N0625,Warehouse_0624,Warehouse,8.03,77.06
N0626,Factory_0625,Factory,8.03,77.0625
N0627,Junction_0626,Junction,8.03,77.065
N0628,Hospital_0627,Hospital,8.03,77.0675
N0629,Junction_0628,Junction,8.03,77.07
N0630,Warehouse_0629,Warehouse,8.03,77.0725
N0631,Open_Area_0630,Open_Area,8.03,77.075
N0632,Factory_0631,Factory,8.03,77.0775
N0633,Residential_0632,Residential,8.03,77.08
N0634,Residential_0633,Residential,8.03,77.0825
N0635,Warehouse_0634,Warehouse,8.03,77.085
N0636,Residential_0635,Residential,8.03,77.0875
N0637,Hospital_0636,Hospital,8.03,77.09
N0638,Fuel_Station_0637,Fuel_Station,8.03,77.0925
N0639,Residential_0638,Residential,8.03,77.095
N0640,School_0639,School,8.03,77.0975
N0641,Junction_0640,Junction,8.03,77.1
N0642,Junction_0641,Junction,8.03,77.1025
N0643,Junction_0642,Junction,8.03,77.105
N0644,Residential_0643,Residential,8.03,77.1075
N0645,Residential_0644,Residential,8.03,77.11
N0646,Warehouse_0645,Warehouse,8.03,77.1125
N0647,Residential_0646,Residential,8.03,77.115
N0648,Hospital_0647,Hospital,8.03,77.1175
N0649,Junction_0648,Junction,8.03,77.12
N0650,Open_Area_0649,Open_Area,8.03,77.1225
N0651,Junction_0650,Junction,8.0325,77.0
N0652,Junction_0651,Junction,8.0325,77.0025
N0653,Hospital_0652,Hospital,8.0325,77.005
N0654,Residential_0653,Residential,8.0325,77.0075
N0655,Factory_0654,Factory,8.0325,77.01
N0656,Residential_0655,Residential,8.0325,77.0125
N0657,Factory_0656,Factory,8.0325,77.015
N0658,Residential_0657,Residential,8.0325,77.0175
N0659,Warehouse_0658,Warehouse,8.0325,77.02
N0660,Residential_0659,Residential,8.0325,77.0225
N0661,Residential_0660,Residential,8.0325,77.025
N0662,Fuel_Station_0661,Fuel_Station,8.0325,77.0275
N0663,School_0662,School,8.0325,77.03
N0664,Fuel_Station_0663,Fuel_Station,8.0325,77.0325
N0665,Residential_0664,Residential,8.0325,77.035
N0666,Factory_0665,Factory,8.0325,77.0375
N0667,Residential_0666,Residential,8.0325,77.04
N0668,Junction_0667,Junction,8.0325,77.0425
N0669,Junction_0668,Junction,8.0325,77.045
N0670,Junction_0669,Junction,8.0325,77.0475
N0671,Warehouse_0670,Warehouse,8.0325,77.05
N0672,School_0671,School,8.0325,77.0525
N0673,Open_Area_0672,Open_Area,8.0325,77.055
N0674,Junction_0673,Junction,8.0325,77.0575
N0675,Factory_0674,Factory,8.0325,77.06
N0676,Junction_0675,Junction,8.0325,77.0625
N0677,Junction_0676,Junction,8.0325,77.065
N0678,Open_Area_0677,Open_Area,8.0325,77.0675
N0679,Junction_0678,Junction,8.0325,77.07
N0680,Junction_0679,Junction,8.0325,77.0725
N0681,Warehouse_0680,Warehouse,8.0325,77.075
N0682,Junction_0681,Junction,8.0325,77.0775
N0683,School_0682,School,8.0325,77.08
N0684,Warehouse_0683,Warehouse,8.0325,77.0825
N0685,Residential_0684,Residential,8.0325,77.085
N0686,Residential_0685,Residential,8.0325,77.0875
N0687,Warehouse_0686,Warehouse,8.0325,77.09
N0688,Warehouse_0687,Warehouse,8.0325,77.0925
N0689,Residential_0688,Residential,8.0325,77.095
N0690,Fuel_Station_0689,Fuel_Station,8.0325,77.0975
N0691,Junction_0690,Junction,8.0325,77.1
N0692,Residential_0691,Residential,8.0325,77.1025
N0693,Junction_0692,Junction,8.0325,77.105
N0694,Junction_0693,Junction,8.0325,77.1075
N0695,Residential_0694,Residential,8.0325,77.11
N0696,Residential_0695,Residential,8.0325,77.1125
N0697,Junction_0696,Junction,8.0325,77.115
N0698,Residential_0697,Residential,8.0325,77.1175
N0699,Junction_0698,Junction,8.0325,77.12
N0700,Residential_0699,Residential,8.0325,77.1225
N0701,Junction_0700,Junction,8.035,77.0
N0702,Warehouse_0701,Warehouse,8.035,77.0025
N0703,Residential_0702,Residential,8.035,77.005
N0704,Junction_0703,Junction,8.035,77.0075
N0705,Warehouse_0704,Warehouse,8.035,77.01
N0706,Junction_0705,Junction,8.035,77.0125
N0707,Junction_0706,Junction,8.035,77.015
N0708,Junction_0707,Junction,8.035,77.0175
N0709,Junction_0708,Junction,8.035,77.02
N0710,Junction_0709,Junction,8.035,77.0225
N0711,Junction_0710,Junction,8.035,77.025
N0712,Factory_0711,Factory,8.035,77.0275
N0713,Junction_0712,Junction,8.035,77.03
N0714,Open_Area_0713,Open_Area,8.035,77.0325
N0715,Residential_0714,Residential,8.035,77.035
N0716,Junction_0715,Junction,8.035,77.0375
N0717,School_0716,School,8.035,77.04
N0718,Junction_0717,Junction,8.035,77.0425
N0719,Residential_0718,Residential,8.035,77.045
N0720,Residential_0719,Residential,8.035,77.0475
N0721,Hospital_0720,Hospital,8.035,77.05
N0722,Junction_0721,Junction,8.035,77.0525
N0723,Fuel_Station_0722,Fuel_Station,8.035,77.055
N0724,Junction_0723,Junction,8.035,77.0575
N0725,Junction_0724,Junction,8.035,77.06
N0726,Residential_0725,Residential,8.035,77.0625
N0727,Residential_0726,Residential,8.035,77.065
N0728,Residential_0727,Residential,8.035,77.0675
N0729,Junction_0728,Junction,8.035,77.07
N0730,Residential_0729,Residential,8.035,77.0725
N0731,Residential_0730,Residential,8.035,77.075
N0732,Hospital_0731,Hospital,8.035,77.0775
N0733,Warehouse_0732,Warehouse,8.035,77.08
N0734,Factory_0733,Factory,8.035,77.0825
N0735,Residential_0734,Residential,8.035,77.085
N0736,Residential_0735,Residential,8.035,77.0875
N0737,Junction_0736,Junction,8.035,77.09
N0738,School_0737,School,8.035,77.0925
N0739,School_0738,School,8.035,77.095
N0740,Factory_0739,Factory,8.035,77.0975
N0741,Junction_0740,Junction,8.035,77.1
N0742,Junction_0741,Junction,8.035,77.1025
N0743,Residential_0742,Residential,8.035,77.105
N0744,Factory_0743,Factory,8.035,77.1075
N0745,Warehouse_0744,Warehouse,8.035,77.11
N0746,Warehouse_0745,Warehouse,8.035,77.1125
N0747,Residential_0746,Residential,8.035,77.115
N0748,Residential_0747,Residential,8.035,77.1175
N0749,Warehouse_0748,Warehouse,8.035,77.12
N0750,Junction_0749,Junction,8.035,77.1225
N0751,Residential_0750,Residential,8.0375,77.0
N0752,Hospital_0751,Hospital,8.0375,77.0025
N0753,School_0752,School,8.0375,77.005
N0754,Open_Area_0753,Open_Area,8.0375,77.0075
N0755,Junction_0754,Junction,8.0375,77.01
N0756,Residential_0755,Residential,8.0375,77.0125
N0757,Junction_0756,Junction,8.0375,77.015
N0758,Fuel_Station_0757,Fuel_Station,8.0375,77.0175
N0759,Fuel_Station_0758,Fuel_Station,8.0375,77.02
N0760,Junction_0759,Junction,8.0375,77.0225
N0761,Junction_0760,Junction,8.0375,77.025
N0762,Junction_0761,Junction,8.0375,77.0275
N0763,Junction_0762,Junction,8.0375,77.03
N0764,Open_Area_0763,Open_Area,8.0375,77.0325
N0765,Junction_0764,Junction,8.0375,77.035
N0766,Fuel_Station_0765,Fuel_Station,8.0375,77.0375
N0767,School_0766,School,8.0375,77.04
N0768,Junction_0767,Junction,8.0375,77.0425
N0769,Open_Area_0768,Open_Area,8.0375,77.045
N0770,Residential_0769,Residential,8.0375,77.0475
N0771,Residential_0770,Residential,8.0375,77.05
N0772,Residential_0771,Residential,8.0375,77.0525
N0773,Factory_0772,Factory,8.0375,77.055
N0774,Fuel_Station_0773,Fuel_Station,8.0375,77.0575
N0775,Warehouse_0774,Warehouse,8.0375,77.06
N0776,Junction_0775,Junction,8.0375,77.0625
N0777,Residential_0776,Residential,8.0375,77.065
N0778,Junction_0777,Junction,8.0375,77.0675
N0779,Warehouse_0778,Warehouse,8.0375,77.07
N0780,Junction_0779,Junction,8.0375,77.0725
N0781,Residential_0780,Residential,8.0375,77.075
N0782,Warehouse_0781,Warehouse,8.0375,77.0775
N0783,Junction_0782,Junction,8.0375,77.08
N0784,Junction_0783,Junction,8.0375,77.0825
N0785,Factory_0784,Factory,8.0375,77.085
N0786,Factory_0785,Factory,8.0375,77.0875
N0787,Residential_0786,Residential,8.0375,77.09
N0788,Residential_0787,Residential,8.0375,77.0925
N0789,Residential_0788,Residential,8.0375,77.095
N0790,Factory_0789,Factory,8.0375,77.0975
N0791,Warehouse_0790,Warehouse,8.0375,77.1
N0792,Residential_0791,Residential,8.0375,77.1025
N0793,School_0792,School,8.0375,77.105
N0794,Junction_0793,Junction,8.0375,77.1075
N0795,School_0794,School,8.0375,77.11
N0796,Junction_0795,Junction,8.0375,77.1125
N0797,Junction_0796,Junction,8.0375,77.115
N0798,Junction_0797,Junction,8.0375,77.1175
N0799,Junction_0798,Junction,8.0375,77.12
N0800,Junction_0799,Junction,8.0375,77.1225
N0801,Residential_0800,Residential,8.04,77.0
N0802,Factory_0801,Factory,8.04,77.0025
N0803,Factory_0802,Factory,8.04,77.005
N0804,Factory_0803,Factory,8.04,77.0075
N0805,Warehouse_0804,Warehouse,8.04,77.01
N0806,Residential_0805,Residential,8.04,77.0125
N0807,Factory_0806,Factory,8.04,77.015
N0808,Warehouse_0807,Warehouse,8.04,77.0175
N0809,Residential_0808,Residential,8.04,77.02
N0810,Warehouse_0809,Warehouse,8.04,77.0225
N0811,Warehouse_0810,Warehouse,8.04,77.025
N0812,Residential_0811,Residential,8.04,77.0275
N0813,Factory_0812,Factory,8.04,77.03
N0814,Residential_0813,Residential,8.04,77.0325
N0815,Residential_0814,Residential,8.04,77.035
N0816,Residential_0815,Residential,8.04,77.0375
N0817,Residential_0816,Residential,8.04,77.04
N0818,Open_Area_0817,Open_Area,8.04,77.0425
N0819,Warehouse_0818,Warehouse,8.04,77.045
N0820,Warehouse_0819,Warehouse,8.04,77.0475
N0821,Factory_0820,Factory,8.04,77.05
N0822,Factory_0821,Factory,8.04,77.0525
N0823,Junction_0822,Junction,8.04,77.055
N0824,Junction_0823,Junction,8.04,77.0575
N0825,Factory_0824,Factory,8.04,77.06
N0826,Junction_0825,Junction,8.04,77.0625
N0827,Junction_0826,Junction,8.04,77.065
N0828,Open_Area_0827,Open_Area,8.04,77.0675
N0829,Warehouse_0828,Warehouse,8.04,77.07
N0830,Residential_0829,Residential,8.04,77.0725
N0831,Junction_0830,Junction,8.04,77.075
N0832,Junction_0831,Junction,8.04,77.0775
N0833,Junction_0832,Junction,8.04,77.08
N0834,Open_Area_0833,Open_Area,8.04,77.0825
N0835,Fuel_Station_0834,Fuel_Station,8.04,77.085
N0836,Residential_0835,Residential,8.04,77.0875
N0837,Residential_0836,Residential,8.04,77.09
N0838,Junction_0837,Junction,8.04,77.0925
N0839,Residential_0838,Residential,8.04,77.095
N0840,Factory_0839,Factory,8.04,77.0975
N0841,Junction_0840,Junction,8.04,77.1
N0842,Junction_0841,Junction,8.04,77.1025
N0843,Residential_0842,Residential,8.04,77.105
N0844,Warehouse_0843,Warehouse,8.04,77.1075
N0845,School_0844,School,8.04,77.11
N0846,Junction_0845,Junction,8.04,77.1125
N0847,Open_Area_0846,Open_Area,8.04,77.115
N0848,Residential_0847,Residential,8.04,77.1175
N0849,Junction_0848,Junction,8.04,77.12
N0850,Junction_0849,Junction,8.04,77.1225
N0851,Junction_0850,Junction,8.0425,77.0
N0852,Warehouse_0851,Warehouse,8.0425,77.0025
N0853,Hospital_0852,Hospital,8.0425,77.005
N0854,Residential_0853,Residential,8.0425,77.0075
N0855,Warehouse_0854,Warehouse,8.0425,77.01
N0856,Residential_0855,Residential,8.0425,77.0125
N0857,Junction_0856,Junction,8.0425,77.015
N0858,School_0857,School,8.0425,77.0175
N0859,Junction_0858,Junction,8.0425,77.02
N0860,Residential_0859,Residential,8.0425,77.0225
N0861,Residential_0860,Residential,8.0425,77.025
N0862,Open_Area_0861,Open_Area,8.0425,77.0275
N0863,Fuel_Station_0862,Fuel_Station,8.0425,77.03
N0864,Residential_0863,Residential,8.0425,77.0325
N0865,Junction_0864,Junction,8.0425,77.035
N0866,Junction_0865,Junction,8.0425,77.0375
N0867,Junction_0866,Junction,8.0425,77.04
N0868,Junction_0867,Junction,8.0425,77.0425
N0869,Residential_0868,Residential,8.0425,77.045
N0870,Junction_0869,Junction,8.0425,77.0475
N0871,Factory_0870,Factory,8.0425,77.05
N0872,Junction_0871,Junction,8.0425,77.0525
N0873,Factory_0872,Factory,8.0425,77.055
N0874,Warehouse_0873,Warehouse,8.0425,77.0575
N0875,Junction_0874,Junction,8.0425,77.06
N0876,Warehouse_0875,Warehouse,8.0425,77.0625
N0877,Residential_0876,Residential,8.0425,77.065
N0878,Open_Area_0877,Open_Area,8.0425,77.0675
N0879,Junction_0878,Junction,8.0425,77.07
N0880,Residential_0879,Residential,8.0425,77.0725
N0881,Residential_0880,Residential,8.0425,77.075
N0882,Warehouse_0881,Warehouse,8.0425,77.0775
N0883,Fuel_Station_0882,Fuel_Station,8.0425,77.08
N0884,Junction_0883,Junction,8.0425,77.0825
N0885,Junction_0884,Junction,8.0425,77.085
N0886,Residential_0885,Residential,8.0425,77.0875
N0887,Warehouse_0886,Warehouse,8.0425,77.09
N0888,Warehouse_0887,Warehouse,8.0425,77.0925
N0889,Warehouse_0888,Warehouse,8.0425,77.095
N0890,Junction_0889,Junction,8.0425,77.0975
N0891,Residential_0890,Residential,8.0425,77.1
N0892,Junction_0891,Junction,8.0425,77.1025
N0893,Warehouse_0892,Warehouse,8.0425,77.105
N0894,Open_Area_0893,Open_Area,8.0425,77.1075
N0895,Junction_0894,Junction,8.0425,77.11
N0896,Junction_0895,Junction,8.0425,77.1125
N0897,Junction_0896,Junction,8.0425,77.115
N0898,Junction_0897,Junction,8.0425,77.1175
N0899,Hospital_0898,Hospital,8.0425,77.12
N0900,Hospital_0899,Hospital,8.0425,77.1225
N0901,Junction_0900,Junction,8.045,77.0
N0902,Residential_0901,Residential,8.045,77.0025
N0903,Factory_0902,Factory,8.045,77.005
N0904,Factory_0903,Factory,8.045,77.0075
N0905,Open_Area_0904,Open_Area,8.045,77.01
N0906,Warehouse_0905,Warehouse,8.045,77.0125
N0907,Residential_0906,Residential,8.045,77.015
N0908,Residential_0907,Residential,8.045,77.0175
N0909,Residential_0908,Residential,8.045,77.02
N0910,Fuel_Station_0909,Fuel_Station,8.045,77.0225
N0911,Junction_0910,Junction,8.045,77.025
N0912,Junction_0911,Junction,8.045,77.0275
N0913,Junction_0912,Junction,8.045,77.03
N0914,Junction_0913,Junction,8.045,77.0325
N0915,Hospital_0914,Hospital,8.045,77.035
N0916,Junction_0915,Junction,8.045,77.0375
N0917,School_0916,School,8.045,77.04
N0918,Residential_0917,Residential,8.045,77.0425
N0919,Open_Area_0918,Open_Area,8.045,77.045
N0920,Factory_0919,Factory,8.045,77.0475
N0921,Warehouse_0920,Warehouse,8.045,77.05
N0922,Residential_0921,Residential,8.045,77.0525
N0923,Factory_0922,Factory,8.045,77.055
N0924,Junction_0923,Junction,8.045,77.0575
N0925,Factory_0924,Factory,8.045,77.06
N0926,Open_Area_0925,Open_Area,8.045,77.0625
N0927,Residential_0926,Residential,8.045,77.065
N0928,Residential_0927,Residential,8.045,77.0675
N0929,Hospital_0928,Hospital,8.045,77.07
N0930,Junction_0929,Junction,8.045,77.0725
N0931,Warehouse_0930,Warehouse,8.045,77.075
N0932,Hospital_0931,Hospital,8.045,77.0775
N0933,Junction_0932,Junction,8.045,77.08
N0934,Warehouse_0933,Warehouse,8.045,77.0825
N0935,Factory_0934,Factory,8.045,77.085
N0936,Junction_0935,Junction,8.045,77.0875
N0937,Hospital_0936,Hospital,8.045,77.09
N0938,Hospital_0937,Hospital,8.045,77.0925
N0939,Junction_0938,Junction,8.045,77.095
N0940,Residential_0939,Residential,8.045,77.0975
N0941,Factory_0940,Factory,8.045,77.1
N0942,Residential_0941,Residential,8.045,77.1025
N0943,Hospital_0942,Hospital,8.045,77.105
N0944,Junction_0943,Junction,8.045,77.1075
N0945,Hospital_0944,Hospital,8.045,77.11
N0946,Junction_0945,Junction,8.045,77.1125
N0947,Residential_0946,Residential,8.045,77.115
N0948,Factory_0947,Factory,8.045,77.1175
N0949,Junction_0948,Junction,8.045,77.12
N0950,Residential_0949,Residential,8.045,77.1225
N0951,Junction_0950,Junction,8.0475,77.0
N0952,Junction_0951,Junction,8.0475,77.0025
N0953,Factory_0952,Factory,8.0475,77.005
N0954,Open_Area_0953,Open_Area,8.0475,77.0075
N0955,Residential_0954,Residential,8.0475,77.01
N0956,Junction_0955,Junction,8.0475,77.0125
N0957,Residential_0956,Residential,8.0475,77.015
N0958,Open_Area_0957,Open_Area,8.0475,77.0175
N0959,Fuel_Station_0958,Fuel_Station,8.0475,77.02
N0960,Warehouse_0959,Warehouse,8.0475,77.0225
N0961,Open_Area_0960,Open_Area,8.0475,77.025
N0962,Warehouse_0961,Warehouse,8.0475,77.0275
N0963,Junction_0962,Junction,8.0475,77.03
N0964,Fuel_Station_0963,Fuel_Station,8.0475,77.0325
N0965,Junction_0964,Junction,8.0475,77.035
N0966,Junction_0965,Junction,8.0475,77.0375
N0967,Residential_0966,Residential,8.0475,77.04
N0968,School_0967,School,8.0475,77.0425
N0969,Junction_0968,Junction,8.0475,77.045
N0970,Junction_0969,Junction,8.0475,77.0475
N0971,Junction_0970,Junction,8.0475,77.05
N0972,Residential_0971,Residential,8.0475,77.0525
N0973,Factory_0972,Factory,8.0475,77.055
N0974,Warehouse_0973,Warehouse,8.0475,77.0575
N0975,Junction_0974,Junction,8.0475,77.06
N0976,Junction_0975,Junction,8.0475,77.0625
N0977,Residential_0976,Residential,8.0475,77.065
N0978,Factory_0977,Factory,8.0475,77.0675
N0979,Fuel_Station_0978,Fuel_Station,8.0475,77.07
N0980,Warehouse_0979,Warehouse,8.0475,77.0725
N0981,Junction_0980,Junction,8.0475,77.075
N0982,Open_Area_0981,Open_Area,8.0475,77.0775
N0983,Junction_0982,Junction,8.0475,77.08
N0984,School_0983,School,8.0475,77.0825
N0985,Junction_0984,Junction,8.0475,77.085
N0986,Open_Area_0985,Open_Area,8.0475,77.0875
N0987,Junction_0986,Junction,8.0475,77.09
N0988,Residential_0987,Residential,8.0475,77.0925
N0989,Junction_0988,Junction,8.0475,77.095
N0990,Fuel_Station_0989,Fuel_Station,8.0475,77.0975
N0991,Junction_0990,Junction,8.0475,77.1
N0992,Warehouse_0991,Warehouse,8.0475,77.1025
N0993,Junction_0992,Junction,8.0475,77.105
N0994,Open_Area_0993,Open_Area,8.0475,77.1075
N0995,Warehouse_0994,Warehouse,8.0475,77.11
N0996,Residential_0995,Residential,8.0475,77.1125
N0997,Junction_0996,Junction,8.0475,77.115
N0998,Junction_0997,Junction,8.0475,77.1175
N0999,Warehouse_0998,Warehouse,8.0475,77.12
N1000,Residential_0999,Residential,8.0475,77.1225
N1001,Factory_1000,Factory,8.05,77.0
N1002,Warehouse_1001,Warehouse,8.05,77.0025
N1003,Junction_1002,Junction,8.05,77.005
N1004,Junction_1003,Junction,8.05,77.0075
N1005,Junction_1004,Junction,8.05,77.01
N1006,Residential_1005,Residential,8.05,77.0125
N1007,Junction_1006,Junction,8.05,77.015
N1008,Residential_1007,Residential,8.05,77.0175
N1009,Factory_1008,Factory,8.05,77.02
N1010,Residential_1009,Residential,8.05,77.0225
N1011,Junction_1010,Junction,8.05,77.025
N1012,Residential_1011,Residential,8.05,77.0275
N1013,Warehouse_1012,Warehouse,8.05,77.03
N1014,Open_Area_1013,Open_Area,8.05,77.0325
N1015,Fuel_Station_1014,Fuel_Station,8.05,77.035
N1016,Factory_1015,Factory,8.05,77.0375
N1017,Factory_1016,Factory,8.05,77.04
N1018,Warehouse_1017,Warehouse,8.05,77.0425
N1019,Junction_1018,Junction,8.05,77.045
N1020,Junction_1019,Junction,8.05,77.0475
N1021,Warehouse_1020,Warehouse,8.05,77.05
N1022,Junction_1021,Junction,8.05,77.0525
N1023,Residential_1022,Residential,8.05,77.055
N1024,Warehouse_1023,Warehouse,8.05,77.0575
N1025,Junction_1024,Junction,8.05,77.06
N1026,Junction_1025,Junction,8.05,77.0625
N1027,Junction_1026,Junction,8.05,77.065
N1028,Junction_1027,Junction,8.05,77.0675
N1029,Fuel_Station_1028,Fuel_Station,8.05,77.07
N1030,Warehouse_1029,Warehouse,8.05,77.0725
N1031,Residential_1030,Residential,8.05,77.075
N1032,School_1031,School,8.05,77.0775
N1033,Junction_1032,Junction,8.05,77.08
N1034,Warehouse_1033,Warehouse,8.05,77.0825
N1035,Factory_1034,Factory,8.05,77.085
N1036,Junction_1035,Junction,8.05,77.0875
N1037,Junction_1036,Junction,8.05,77.09
N1038,Junction_1037,Junction,8.05,77.0925
N1039,Residential_1038,Residential,8.05,77.095
N1040,Junction_1039,Junction,8.05,77.0975
N1041,Residential_1040,Residential,8.05,77.1
N1042,Open_Area_1041,Open_Area,8.05,77.1025
N1043,Warehouse_1042,Warehouse,8.05,77.105
N1044,Warehouse_1043,Warehouse,8.05,77.1075
N1045,Junction_1044,Junction,8.05,77.11
N1046,Open_Area_1045,Open_Area,8.05,77.1125
N1047,Factory_1046,Factory,8.05,77.115
N1048,Residential_1047,Residential,8.05,77.1175
N1049,Residential_1048,Residential,8.05,77.12
N1050,Residential_1049,Residential,8.05,77.1225
N1051,Residential_1050,Residential,8.0525,77.0
N1052,Open_Area_1051,Open_Area,8.0525,77.0025
N1053,Open_Area_1052,Open_Area,8.0525,77.005
N1054,Hospital_1053,Hospital,8.0525,77.0075
N1055,Fuel_Station_1054,Fuel_Station,8.0525,77.01
N1056,Open_Area_1055,Open_Area,8.0525,77.0125
N1057,Fuel_Station_1056,Fuel_Station,8.0525,77.015
N1058,Junction_1057,Junction,8.0525,77.0175
N1059,Residential_1058,Residential,8.0525,77.02
N1060,Warehouse_1059,Warehouse,8.0525,77.0225
N1061,Junction_1060,Junction,8.0525,77.025
N1062,Warehouse_1061,Warehouse,8.0525,77.0275
N1063,Residential_1062,Residential,8.0525,77.03
N1064,Warehouse_1063,Warehouse,8.0525,77.0325
N1065,Residential_1064,Residential,8.0525,77.035
N1066,Warehouse_1065,Warehouse,8.0525,77.0375
N1067,Factory_1066,Factory,8.0525,77.04
N1068,Junction_1067,Junction,8.0525,77.0425
N1069,Factory_1068,Factory,8.0525,77.045
N1070,Junction_1069,Junction,8.0525,77.0475
N1071,Residential_1070,Residential,8.0525,77.05
N1072,Factory_1071,Factory,8.0525,77.0525
N1073,Factory_1072,Factory,8.0525,77.055
N1074,Junction_1073,Junction,8.0525,77.0575
N1075,Junction_1074,Junction,8.0525,77.06
N1076,Junction_1075,Junction,8.0525,77.0625
N1077,Fuel_Station_1076,Fuel_Station,8.0525,77.065
N1078,Factory_1077,Factory,8.0525,77.0675
N1079,Factory_1078,Factory,8.0525,77.07
N1080,Open_Area_1079,Open_Area,8.0525,77.0725
N1081,Fuel_Station_1080,Fuel_Station,8.0525,77.075
N1082,Hospital_1081,Hospital,8.0525,77.0775
N1083,Junction_1082,Junction,8.0525,77.08
N1084,Residential_1083,Residential,8.0525,77.0825
N1085,Junction_1084,Junction,8.0525,77.085
N1086,Factory_1085,Factory,8.0525,77.0875
N1087,Residential_1086,Residential,8.0525,77.09
N1088,Residential_1087,Residential,8.0525,77.0925
N1089,Open_Area_1088,Open_Area,8.0525,77.095
N1090,Residential_1089,Residential,8.0525,77.0975
N1091,Open_Area_1090,Open_Area,8.0525,77.1
N1092,Junction_1091,Junction,8.0525,77.1025
N1093,School_1092,School,8.0525,77.105
N1094,Junction_1093,Junction,8.0525,77.1075
N1095,School_1094,School,8.0525,77.11
N1096,Warehouse_1095,Warehouse,8.0525,77.1125
N1097,Junction_1096,Junction,8.0525,77.115
N1098,Junction_1097,Junction,8.0525,77.1175
N1099,Residential_1098,Residential,8.0525,77.12
N1100,Factory_1099,Factory,8.0525,77.1225
N1101,Residential_1100,Residential,8.055,77.0
N1102,School_1101,School,8.055,77.0025
N1103,Factory_1102,Factory,8.055,77.005
N1104,Junction_1103,Junction,8.055,77.0075
N1105,Open_Area_1104,Open_Area,8.055,77.01
N1106,Residential_1105,Residential,8.055,77.0125
N1107,Residential_1106,Residential,8.055,77.015
N1108,Warehouse_1107,Warehouse,8.055,77.0175
N1109,Warehouse_1108,Warehouse,8.055,77.02
N1110,Junction_1109,Junction,8.055,77.0225
N1111,Junction_1110,Junction,8.055,77.025
N1112,Junction_1111,Junction,8.055,77.0275
N1113,Junction_1112,Junction,8.055,77.03
N1114,Hospital_1113,Hospital,8.055,77.0325
N1115,Junction_1114,Junction,8.055,77.035
N1116,Warehouse_1115,Warehouse,8.055,77.0375
N1117,Residential_1116,Residential,8.055,77.04
N1118,Factory_1117,Factory,8.055,77.0425
N1119,Junction_1118,Junction,8.055,77.045
N1120,Factory_1119,Factory,8.055,77.0475
N1121,Hospital_1120,Hospital,8.055,77.05
N1122,Open_Area_1121,Open_Area,8.055,77.0525
N1123,Warehouse_1122,Warehouse,8.055,77.055
N1124,Warehouse_1123,Warehouse,8.055,77.0575
N1125,Junction_1124,Junction,8.055,77.06
N1126,Junction_1125,Junction,8.055,77.0625
N1127,Residential_1126,Residential,8.055,77.065
N1128,Open_Area_1127,Open_Area,8.055,77.0675
N1129,Factory_1128,Factory,8.055,77.07
N1130,Residential_1129,Residential,8.055,77.0725
N1131,Junction_1130,Junction,8.055,77.075
N1132,Residential_1131,Residential,8.055,77.0775
N1133,Junction_1132,Junction,8.055,77.08
N1134,Residential_1133,Residential,8.055,77.0825
N1135,Junction_1134,Junction,8.055,77.085
N1136,Open_Area_1135,Open_Area,8.055,77.0875
N1137,Junction_1136,Junction,8.055,77.09
N1138,Residential_1137,Residential,8.055,77.0925
N1139,School_1138,School,8.055,77.095
N1140,Warehouse_1139,Warehouse,8.055,77.0975
N1141,Warehouse_1140,Warehouse,8.055,77.1
N1142,Factory_1141,Factory,8.055,77.1025
N1143,School_1142,School,8.055,77.105
N1144,Residential_1143,Residential,8.055,77.1075
N1145,Hospital_1144,Hospital,8.055,77.11
N1146,Warehouse_1145,Warehouse,8.055,77.1125
N1147,Junction_1146,Junction,8.055,77.115
N1148,Junction_1147,Junction,8.055,77.1175
N1149,Fuel_Station_1148,Fuel_Station,8.055,77.12
N1150,Open_Area_1149,Open_Area,8.055,77.1225
N1151,Junction_1150,Junction,8.0575,77.0
N1152,Junction_1151,Junction,8.0575,77.0025
N1153,Junction_1152,Junction,8.0575,77.005
N1154,Factory_1153,Factory,8.0575,77.0075
N1155,Warehouse_1154,Warehouse,8.0575,77.01
N1156,Junction_1155,Junction,8.0575,77.0125
N1157,Warehouse_1156,Warehouse,8.0575,77.015
N1158,Warehouse_1157,Warehouse,8.0575,77.0175
N1159,Junction_1158,Junction,8.0575,77.02
N1160,School_1159,School,8.0575,77.0225
N1161,Warehouse_1160,Warehouse,8.0575,77.025
N1162,Residential_1161,Residential,8.0575,77.0275
N1163,Fuel_Station_1162,Fuel_Station,8.0575,77.03
N1164,School_1163,School,8.0575,77.0325
N1165,Junction_1164,Junction,8.0575,77.035
N1166,Residential_1165,Residential,8.0575,77.0375
N1167,Warehouse_1166,Warehouse,8.0575,77.04
N1168,School_1167,School,8.0575,77.0425
N1169,Residential_1168,Residential,8.0575,77.045
N1170,Residential_1169,Residential,8.0575,77.0475
N1171,Junction_1170,Junction,8.0575,77.05
N1172,Residential_1171,Residential,8.0575,77.0525
N1173,Junction_1172,Junction,8.0575,77.055
N1174,Junction_1173,Junction,8.0575,77.0575
N1175,Warehouse_1174,Warehouse,8.0575,77.06
N1176,Residential_1175,Residential,8.0575,77.0625
N1177,Residential_1176,Residential,8.0575,77.065
N1178,Residential_1177,Residential,8.0575,77.0675
N1179,Junction_1178,Junction,8.0575,77.07
N1180,Open_Area_1179,Open_Area,8.0575,77.0725
N1181,Open_Area_1180,Open_Area,8.0575,77.075
N1182,Open_Area_1181,Open_Area,8.0575,77.0775
N1183,Residential_1182,Residential,8.0575,77.08
N1184,Residential_1183,Residential,8.0575,77.0825
N1185,Junction_1184,Junction,8.0575,77.085
N1186,Junction_1185,Junction,8.0575,77.0875
N1187,Junction_1186,Junction,8.0575,77.09
N1188,Warehouse_1187,Warehouse,8.0575,77.0925
N1189,Factory_1188,Factory,8.0575,77.095
N1190,Residential_1189,Residential,8.0575,77.0975
N1191,Residential_1190,Residential,8.0575,77.1
N1192,Junction_1191,Junction,8.0575,77.1025
N1193,Junction_1192,Junction,8.0575,77.105
N1194,Residential_1193,Residential,8.0575,77.1075
N1195,Junction_1194,Junction,8.0575,77.11
N1196,Warehouse_1195,Warehouse,8.0575,77.1125
N1197,Residential_1196,Residential,8.0575,77.115
N1198,Warehouse_1197,Warehouse,8.0575,77.1175
N1199,Junction_1198,Junction,8.0575,77.12
N1200,Open_Area_1199,Open_Area,8.0575,77.1225
N1201,Junction_1200,Junction,8.06,77.0
N1202,Factory_1201,Factory,8.06,77.0025
N1203,Junction_1202,Junction,8.06,77.005
N1204,Junction_1203,Junction,8.06,77.0075
N1205,Factory_1204,Factory,8.06,77.01
N1206,Hospital_1205,Hospital,8.06,77.0125
N1207,Junction_1206,Junction,8.06,77.015
N1208,Factory_1207,Factory,8.06,77.0175
N1209,Junction_1208,Junction,8.06,77.02
N1210,Residential_1209,Residential,8.06,77.0225
N1211,Junction_1210,Junction,8.06,77.025
N1212,Factory_1211,Factory,8.06,77.0275
N1213,Residential_1212,Residential,8.06,77.03
N1214,Junction_1213,Junction,8.06,77.0325
N1215,Junction_1214,Junction,8.06,77.035
N1216,Warehouse_1215,Warehouse,8.06,77.0375
N1217,Residential_1216,Residential,8.06,77.04
N1218,Factory_1217,Factory,8.06,77.0425
N1219,Warehouse_1218,Warehouse,8.06,77.045
N1220,Junction_1219,Junction,8.06,77.0475
N1221,Fuel_Station_1220,Fuel_Station,8.06,77.05
N1222,Factory_1221,Factory,8.06,77.0525
N1223,Junction_1222,Junction,8.06,77.055
N1224,Junction_1223,Junction,8.06,77.0575
N1225,Residential_1224,Residential,8.06,77.06
N1226,Warehouse_1225,Warehouse,8.06,77.0625
N1227,Open_Area_1226,Open_Area,8.06,77.065
N1228,Factory_1227,Factory,8.06,77.0675
N1229,Open_Area_1228,Open_Area,8.06,77.07
N1230,Factory_1229,Factory,8.06,77.0725
N1231,Junction_1230,Junction,8.06,77.075
N1232,Junction_1231,Junction,8.06,77.0775
N1233,Warehouse_1232,Warehouse,8.06,77.08
N1234,Open_Area_1233,Open_Area,8.06,77.0825
N1235,Junction_1234,Junction,8.06,77.085
N1236,Warehouse_1235,Warehouse,8.06,77.0875
N1237,Residential_1236,Residential,8.06,77.09
N1238,Residential_1237,Residential,8.06,77.0925
N1239,Residential_1238,Residential,8.06,77.095
N1240,Residential_1239,Residential,8.06,77.0975
N1241,Fuel_Station_1240,Fuel_Station,8.06,77.1
N1242,Hospital_1241,Hospital,8.06,77.1025
N1243,School_1242,School,8.06,77.105
N1244,Hospital_1243,Hospital,8.06,77.1075
N1245,Junction_1244,Junction,8.06,77.11
N1246,Residential_1245,Residential,8.06,77.1125
N1247,Residential_1246,Residential,8.06,77.115
N1248,Factory_1247,Factory,8.06,77.1175
N1249,Junction_1248,Junction,8.06,77.12
N1250,Open_Area_1249,Open_Area,8.06,77.1225
N1251,Residential_1250,Residential,8.0625,77.0
N1252,Junction_1251,Junction,8.0625,77.0025
N1253,Junction_1252,Junction,8.0625,77.005
N1254,School_1253,School,8.0625,77.0075
N1255,Warehouse_1254,Warehouse,8.0625,77.01
N1256,Factory_1255,Factory,8.0625,77.0125
N1257,Open_Area_1256,Open_Area,8.0625,77.015
N1258,Warehouse_1257,Warehouse,8.0625,77.0175
N1259,Junction_1258,Junction,8.0625,77.02
N1260,Residential_1259,Residential,8.0625,77.0225
N1261,Junction_1260,Junction,8.0625,77.025
N1262,Hospital_1261,Hospital,8.0625,77.0275
N1263,Warehouse_1262,Warehouse,8.0625,77.03
N1264,Factory_1263,Factory,8.0625,77.0325
N1265,Warehouse_1264,Warehouse,8.0625,77.035
N1266,Hospital_1265,Hospital,8.0625,77.0375
N1267,Open_Area_1266,Open_Area,8.0625,77.04
N1268,Junction_1267,Junction,8.0625,77.0425
N1269,Fuel_Station_1268,Fuel_Station,8.0625,77.045
N1270,Residential_1269,Residential,8.0625,77.0475
N1271,Warehouse_1270,Warehouse,8.0625,77.05
N1272,School_1271,School,8.0625,77.0525
N1273,Junction_1272,Junction,8.0625,77.055
N1274,Residential_1273,Residential,8.0625,77.0575
N1275,Warehouse_1274,Warehouse,8.0625,77.06
N1276,Junction_1275,Junction,8.0625,77.0625
N1277,Junction_1276,Junction,8.0625,77.065
N1278,Factory_1277,Factory,8.0625,77.0675
N1279,Junction_1278,Junction,8.0625,77.07
N1280,Residential_1279,Residential,8.0625,77.0725
N1281,Junction_1280,Junction,8.0625,77.075
N1282,Residential_1281,Residential,8.0625,77.0775
N1283,Warehouse_1282,Warehouse,8.0625,77.08
N1284,Warehouse_1283,Warehouse,8.0625,77.0825
N1285,Hospital_1284,Hospital,8.0625,77.085
N1286,Residential_1285,Residential,8.0625,77.0875
N1287,Residential_1286,Residential,8.0625,77.09
N1288,Residential_1287,Residential,8.0625,77.0925
N1289,Junction_1288,Junction,8.0625,77.095
N1290,Junction_1289,Junction,8.0625,77.0975
N1291,Residential_1290,Residential,8.0625,77.1
N1292,Factory_1291,Factory,8.0625,77.1025
N1293,Open_Area_1292,Open_Area,8.0625,77.105
N1294,Residential_1293,Residential,8.0625,77.1075
N1295,Residential_1294,Residential,8.0625,77.11
N1296,Residential_1295,Residential,8.0625,77.1125
N1297,Junction_1296,Junction,8.0625,77.115
N1298,Open_Area_1297,Open_Area,8.0625,77.1175
N1299,Residential_1298,Residential,8.0625,77.12
N1300,Residential_1299,Residential,8.0625,77.1225
N1301,Warehouse_1300,Warehouse,8.065,77.0
N1302,Residential_1301,Residential,8.065,77.0025
N1303,Open_Area_1302,Open_Area,8.065,77.005
N1304,Junction_1303,Junction,8.065,77.0075
N1305,Fuel_Station_1304,Fuel_Station,8.065,77.01
N1306,Junction_1305,Junction,8.065,77.0125
N1307,Factory_1306,Factory,8.065,77.015
N1308,Junction_1307,Junction,8.065,77.0175
N1309,Junction_1308,Junction,8.065,77.02
N1310,Junction_1309,Junction,8.065,77.0225
N1311,Hospital_1310,Hospital,8.065,77.025
N1312,Warehouse_1311,Warehouse,8.065,77.0275
N1313,Junction_1312,Junction,8.065,77.03
N1314,Junction_1313,Junction,8.065,77.0325
N1315,Residential_1314,Residential,8.065,77.035
N1316,Residential_1315,Residential,8.065,77.0375
N1317,Warehouse_1316,Warehouse,8.065,77.04
N1318,Junction_1317,Junction,8.065,77.0425
N1319,Factory_1318,Factory,8.065,77.045
N1320,Residential_1319,Residential,8.065,77.0475
N1321,Hospital_1320,Hospital,8.065,77.05
N1322,Junction_1321,Junction,8.065,77.0525
N1323,Residential_1322,Residential,8.065,77.055
N1324,Junction_1323,Junction,8.065,77.0575
N1325,Residential_1324,Residential,8.065,77.06
N1326,Warehouse_1325,Warehouse,8.065,77.0625
N1327,Junction_1326,Junction,8.065,77.065
N1328,Junction_1327,Junction,8.065,77.0675
N1329,Open_Area_1328,Open_Area,8.065,77.07
N1330,Junction_1329,Junction,8.065,77.0725
N1331,Factory_1330,Factory,8.065,77.075
N1332,Residential_1331,Residential,8.065,77.0775
N1333,Factory_1332,Factory,8.065,77.08
N1334,Junction_1333,Junction,8.065,77.0825
N1335,Junction_1334,Junction,8.065,77.085
N1336,Junction_1335,Junction,8.065,77.0875
N1337,Residential_1336,Residential,8.065,77.09
N1338,Open_Area_1337,Open_Area,8.065,77.0925
N1339,Junction_1338,Junction,8.065,77.095
N1340,Warehouse_1339,Warehouse,8.065,77.0975
N1341,Junction_1340,Junction,8.065,77.1
N1342,Residential_1341,Residential,8.065,77.1025
N1343,Residential_1342,Residential,8.065,77.105
N1344,Residential_1343,Residential,8.065,77.1075
N1345,Factory_1344,Factory,8.065,77.11
N1346,Junction_1345,Junction,8.065,77.1125
N1347,Junction_1346,Junction,8.065,77.115
N1348,Residential_1347,Residential,8.065,77.1175
N1349,Fuel_Station_1348,Fuel_Station,8.065,77.12
N1350,Warehouse_1349,Warehouse,8.065,77.1225
N1351,School_1350,School,8.0675,77.0
N1352,Junction_1351,Junction,8.0675,77.0025
N1353,Warehouse_1352,Warehouse,8.0675,77.005
N1354,Junction_1353,Junction,8.0675,77.0075
N1355,Open_Area_1354,Open_Area,8.0675,77.01
N1356,Residential_1355,Residential,8.0675,77.0125
N1357,Open_Area_1356,Open_Area,8.0675,77.015
N1358,Factory_1357,Factory,8.0675,77.0175
N1359,Fuel_Station_1358,Fuel_Station,8.0675,77.02
N1360,Residential_1359,Residential,8.0675,77.0225
N1361,Factory_1360,Factory,8.0675,77.025
N1362,Junction_1361,Junction,8.0675,77.0275
N1363,Junction_1362,Junction,8.0675,77.03
N1364,Junction_1363,Junction,8.0675,77.0325
N1365,Junction_1364,Junction,8.0675,77.035
N1366,Open_Area_1365,Open_Area,8.0675,77.0375
N1367,Residential_1366,Residential,8.0675,77.04
N1368,Residential_1367,Residential,8.0675,77.0425
N1369,Junction_1368,Junction,8.0675,77.045
N1370,Factory_1369,Factory,8.0675,77.0475
N1371,Residential_1370,Residential,8.0675,77.05
N1372,Residential_1371,Residential,8.0675,77.0525
N1373,Junction_1372,Junction,8.0675,77.055
N1374,School_1373,School,8.0675,77.0575
N1375,Residential_1374,Residential,8.0675,77.06
N1376,Junction_1375,Junction,8.0675,77.0625
N1377,Junction_1376,Junction,8.0675,77.065
N1378,Junction_1377,Junction,8.0675,77.0675
N1379,Junction_1378,Junction,8.0675,77.07
N1380,Junction_1379,Junction,8.0675,77.0725
N1381,Residential_1380,Residential,8.0675,77.075
N1382,Junction_1381,Junction,8.0675,77.0775
N1383,Junction_1382,Junction,8.0675,77.08
N1384,Factory_1383,Factory,8.0675,77.0825
N1385,Junction_1384,Junction,8.0675,77.085
N1386,Junction_1385,Junction,8.0675,77.0875
N1387,Residential_1386,Residential,8.0675,77.09
N1388,Residential_1387,Residential,8.0675,77.0925
N1389,Hospital_1388,Hospital,8.0675,77.095
N1390,Junction_1389,Junction,8.0675,77.0975
N1391,Junction_1390,Junction,8.0675,77.1
N1392,Hospital_1391,Hospital,8.0675,77.1025
N1393,Residential_1392,Residential,8.0675,77.105
N1394,Junction_1393,Junction,8.0675,77.1075
N1395,Warehouse_1394,Warehouse,8.0675,77.11
N1396,Warehouse_1395,Warehouse,8.0675,77.1125
N1397,School_1396,School,8.0675,77.115
N1398,Residential_1397,Residential,8.0675,77.1175
N1399,Residential_1398,Residential,8.0675,77.12
N1400,Junction_1399,Junction,8.0675,77.1225
N1401,Junction_1400,Junction,8.07,77.0
N1402,Warehouse_1401,Warehouse,8.07,77.0025
N1403,Hospital_1402,Hospital,8.07,77.005
N1404,Open_Area_1403,Open_Area,8.07,77.0075
N1405,Hospital_1404,Hospital,8.07,77.01
N1406,Residential_1405,Residential,8.07,77.0125
N1407,Factory_1406,Factory,8.07,77.015
N1408,Residential_1407,Residential,8.07,77.0175
N1409,Junction_1408,Junction,8.07,77.02
N1410,Junction_1409,Junction,8.07,77.0225
N1411,Factory_1410,Factory,8.07,77.025
N1412,Junction_1411,Junction,8.07,77.0275
N1413,Warehouse_1412,Warehouse,8.07,77.03
N1414,Residential_1413,Residential,8.07,77.0325
N1415,Junction_1414,Junction,8.07,77.035
N1416,Junction_1415,Junction,8.07,77.0375
N1417,Junction_1416,Junction,8.07,77.04
N1418,Junction_1417,Junction,8.07,77.0425
N1419,Open_Area_1418,Open_Area,8.07,77.045
N1420,Junction_1419,Junction,8.07,77.0475
N1421,Warehouse_1420,Warehouse,8.07,77.05
N1422,Junction_1421,Junction,8.07,77.0525
N1423,Factory_1422,Factory,8.07,77.055
N1424,Factory_1423,Factory,8.07,77.0575
N1425,Factory_1424,Factory,8.07,77.06
N1426,Junction_1425,Junction,8.07,77.0625
N1427,Residential_1426,Residential,8.07,77.065
N1428,Residential_1427,Residential,8.07,77.0675
N1429,Residential_1428,Residential,8.07,77.07
N1430,Hospital_1429,Hospital,8.07,77.0725
N1431,Junction_1430,Junction,8.07,77.075
N1432,Junction_1431,Junction,8.07,77.0775
N1433,Open_Area_1432,Open_Area,8.07,77.08
N1434,Fuel_Station_1433,Fuel_Station,8.07,77.0825
N1435,Fuel_Station_1434,Fuel_Station,8.07,77.085
N1436,Open_Area_1435,Open_Area,8.07,77.0875
N1437,Junction_1436,Junction,8.07,77.09
N1438,Residential_1437,Residential,8.07,77.0925
N1439,Junction_1438,Junction,8.07,77.095
N1440,Junction_1439,Junction,8.07,77.0975
N1441,Residential_1440,Residential,8.07,77.1
N1442,Junction_1441,Junction,8.07,77.1025
N1443,Junction_1442,Junction,8.07,77.105
N1444,Junction_1443,Junction,8.07,77.1075
N1445,Residential_1444,Residential,8.07,77.11
N1446,Junction_1445,Junction,8.07,77.1125
N1447,Open_Area_1446,Open_Area,8.07,77.115
N1448,Residential_1447,Residential,8.07,77.1175
N1449,Factory_1448,Factory,8.07,77.12
N1450,Open_Area_1449,Open_Area,8.07,77.1225
N1451,Junction_1450,Junction,8.0725,77.0
N1452,School_1451,School,8.0725,77.0025
N1453,Open_Area_1452,Open_Area,8.0725,77.005
N1454,Hospital_1453,Hospital,8.0725,77.0075
N1455,Junction_1454,Junction,8.0725,77.01
N1456,Residential_1455,Residential,8.0725,77.0125
N1457,Fuel_Station_1456,Fuel_Station,8.0725,77.015
N1458,School_1457,School,8.0725,77.0175
N1459,Factory_1458,Factory,8.0725,77.02
N1460,Hospital_1459,Hospital,8.0725,77.0225
N1461,Junction_1460,Junction,8.0725,77.025
N1462,Residential_1461,Residential,8.0725,77.0275
N1463,Junction_1462,Junction,8.0725,77.03
N1464,Residential_1463,Residential,8.0725,77.0325
N1465,Junction_1464,Junction,8.0725,77.035
N1466,Warehouse_1465,Warehouse,8.0725,77.0375
N1467,Fuel_Station_1466,Fuel_Station,8.0725,77.04
N1468,Residential_1467,Residential,8.0725,77.0425
N1469,Warehouse_1468,Warehouse,8.0725,77.045
N1470,Junction_1469,Junction,8.0725,77.0475
N1471,Factory_1470,Factory,8.0725,77.05
N1472,Fuel_Station_1471,Fuel_Station,8.0725,77.0525
N1473,Junction_1472,Junction,8.0725,77.055
N1474,Junction_1473,Junction,8.0725,77.0575
N1475,Factory_1474,Factory,8.0725,77.06
N1476,Warehouse_1475,Warehouse,8.0725,77.0625
N1477,Warehouse_1476,Warehouse,8.0725,77.065
N1478,Warehouse_1477,Warehouse,8.0725,77.0675
N1479,Residential_1478,Residential,8.0725,77.07
N1480,Open_Area_1479,Open_Area,8.0725,77.0725
N1481,Warehouse_1480,Warehouse,8.0725,77.075
N1482,Open_Area_1481,Open_Area,8.0725,77.0775
N1483,Junction_1482,Junction,8.0725,77.08
N1484,Junction_1483,Junction,8.0725,77.0825
N1485,Junction_1484,Junction,8.0725,77.085
N1486,Junction_1485,Junction,8.0725,77.0875
N1487,Hospital_1486,Hospital,8.0725,77.09
N1488,Warehouse_1487,Warehouse,8.0725,77.0925
N1489,Junction_1488,Junction,8.0725,77.095
N1490,Junction_1489,Junction,8.0725,77.0975
N1491,Open_Area_1490,Open_Area,8.0725,77.1
N1492,Open_Area_1491,Open_Area,8.0725,77.1025
N1493,Hospital_1492,Hospital,8.0725,77.105
N1494,Junction_1493,Junction,8.0725,77.1075
N1495,Open_Area_1494,Open_Area,8.0725,77.11
N1496,Warehouse_1495,Warehouse,8.0725,77.1125
N1497,School_1496,School,8.0725,77.115
N1498,Open_Area_1497,Open_Area,8.0725,77.1175
N1499,Open_Area_1498,Open_Area,8.0725,77.12
N1500,Hospital_1499,Hospital,8.0725,77.1225
N1501,Residential_1500,Residential,8.075,77.0
N1502,Junction_1501,Junction,8.075,77.0025
N1503,Junction_1502,Junction,8.075,77.005
N1504,Warehouse_1503,Warehouse,8.075,77.0075
N1505,School_1504,School,8.075,77.01
N1506,Junction_1505,Junction,8.075,77.0125
N1507,Factory_1506,Factory,8.075,77.015
N1508,Factory_1507,Factory,8.075,77.0175
N1509,Residential_1508,Residential,8.075,77.02
N1510,Residential_1509,Residential,8.075,77.0225
N1511,Residential_1510,Residential,8.075,77.025
N1512,Junction_1511,Junction,8.075,77.0275
N1513,Fuel_Station_1512,Fuel_Station,8.075,77.03
N1514,Junction_1513,Junction,8.075,77.0325
N1515,Factory_1514,Factory,8.075,77.035
N1516,Fuel_Station_1515,Fuel_Station,8.075,77.0375
N1517,Junction_1516,Junction,8.075,77.04
N1518,Junction_1517,Junction,8.075,77.0425
N1519,Warehouse_1518,Warehouse,8.075,77.045
N1520,Junction_1519,Junction,8.075,77.0475
N1521,Warehouse_1520,Warehouse,8.075,77.05
N1522,Warehouse_1521,Warehouse,8.075,77.0525
N1523,Junction_1522,Junction,8.075,77.055
N1524,Warehouse_1523,Warehouse,8.075,77.0575
N1525,Junction_1524,Junction,8.075,77.06
N1526,Factory_1525,Factory,8.075,77.0625
N1527,Open_Area_1526,Open_Area,8.075,77.065
N1528,Residential_1527,Residential,8.075,77.0675
N1529,School_1528,School,8.075,77.07
N1530,Residential_1529,Residential,8.075,77.0725
N1531,Factory_1530,Factory,8.075,77.075
N1532,Open_Area_1531,Open_Area,8.075,77.0775
N1533,School_1532,School,8.075,77.08
N1534,Residential_1533,Residential,8.075,77.0825
N1535,Junction_1534,Junction,8.075,77.085
N1536,Junction_1535,Junction,8.075,77.0875
N1537,Junction_1536,Junction,8.075,77.09
N1538,Warehouse_1537,Warehouse,8.075,77.0925
N1539,Junction_1538,Junction,8.075,77.095
N1540,Junction_1539,Junction,8.075,77.0975
N1541,Open_Area_1540,Open_Area,8.075,77.1
N1542,Hospital_1541,Hospital,8.075,77.1025
N1543,Warehouse_1542,Warehouse,8.075,77.105
N1544,Junction_1543,Junction,8.075,77.1075
N1545,Residential_1544,Residential,8.075,77.11
N1546,Junction_1545,Junction,8.075,77.1125
N1547,Residential_1546,Residential,8.075,77.115
N1548,Residential_1547,Residential,8.075,77.1175
N1549,Factory_1548,Factory,8.075,77.12
N1550,Junction_1549,Junction,8.075,77.1225
N1551,Residential_1550,Residential,8.0775,77.0
N1552,Open_Area_1551,Open_Area,8.0775,77.0025
N1553,Open_Area_1552,Open_Area,8.0775,77.005
N1554,Residential_1553,Residential,8.0775,77.0075
N1555,Residential_1554,Residential,8.0775,77.01
N1556,Warehouse_1555,Warehouse,8.0775,77.0125
N1557,Warehouse_1556,Warehouse,8.0775,77.015
N1558,Factory_1557,Factory,8.0775,77.0175
N1559,Residential_1558,Residential,8.0775,77.02
N1560,Junction_1559,Junction,8.0775,77.0225
N1561,Fuel_Station_1560,Fuel_Station,8.0775,77.025
N1562,Warehouse_1561,Warehouse,8.0775,77.0275
N1563,Junction_1562,Junction,8.0775,77.03
N1564,Junction_1563,Junction,8.0775,77.0325
N1565,Junction_1564,Junction,8.0775,77.035
N1566,Warehouse_1565,Warehouse,8.0775,77.0375
N1567,Junction_1566,Junction,8.0775,77.04
N1568,Junction_1567,Junction,8.0775,77.0425
N1569,Fuel_Station_1568,Fuel_Station,8.0775,77.045
N1570,Warehouse_1569,Warehouse,8.0775,77.0475
N1571,Fuel_Station_1570,Fuel_Station,8.0775,77.05
N1572,Warehouse_1571,Warehouse,8.0775,77.0525
N1573,Open_Area_1572,Open_Area,8.0775,77.055
N1574,Residential_1573,Residential,8.0775,77.0575
N1575,Junction_1574,Junction,8.0775,77.06
N1576,Junction_1575,Junction,8.0775,77.0625
N1577,Junction_1576,Junction,8.0775,77.065
N1578,Junction_1577,Junction,8.0775,77.0675
N1579,Residential_1578,Residential,8.0775,77.07
N1580,Hospital_1579,Hospital,8.0775,77.0725
N1581,Junction_1580,Junction,8.0775,77.075
N1582,Residential_1581,Residential,8.0775,77.0775
N1583,Junction_1582,Junction,8.0775,77.08
N1584,Warehouse_1583,Warehouse,8.0775,77.0825
N1585,Junction_1584,Junction,8.0775,77.085
N1586,Junction_1585,Junction,8.0775,77.0875
N1587,Warehouse_1586,Warehouse,8.0775,77.09
N1588,Junction_1587,Junction,8.0775,77.0925
N1589,Hospital_1588,Hospital,8.0775,77.095
N1590,Fuel_Station_1589,Fuel_Station,8.0775,77.0975
N1591,Residential_1590,Residential,8.0775,77.1
N1592,Residential_1591,Residential,8.0775,77.1025
N1593,Junction_1592,Junction,8.0775,77.105
N1594,Residential_1593,Residential,8.0775,77.1075
N1595,Factory_1594,Factory,8.0775,77.11
N1596,Residential_1595,Residential,8.0775,77.1125
N1597,Junction_1596,Junction,8.0775,77.115
N1598,Residential_1597,Residential,8.0775,77.1175
N1599,Open_Area_1598,Open_Area,8.0775,77.12
N1600,Hospital_1599,Hospital,8.0775,77.1225
N1601,Junction_1600,Junction,8.08,77.0
N1602,Junction_1601,Junction,8.08,77.0025
N1603,Warehouse_1602,Warehouse,8.08,77.005
N1604,Open_Area_1603,Open_Area,8.08,77.0075
N1605,Junction_1604,Junction,8.08,77.01
N1606,Hospital_1605,Hospital,8.08,77.0125
N1607,Residential_1606,Residential,8.08,77.015
N1608,Hospital_1607,Hospital,8.08,77.0175
N1609,Factory_1608,Factory,8.08,77.02
N1610,Junction_1609,Junction,8.08,77.0225
N1611,Hospital_1610,Hospital,8.08,77.025
N1612,Junction_1611,Junction,8.08,77.0275
N1613,Open_Area_1612,Open_Area,8.08,77.03
N1614,Junction_1613,Junction,8.08,77.0325
N1615,Junction_1614,Junction,8.08,77.035
N1616,Junction_1615,Junction,8.08,77.0375
N1617,Warehouse_1616,Warehouse,8.08,77.04
N1618,Residential_1617,Residential,8.08,77.0425
N1619,Junction_1618,Junction,8.08,77.045
N1620,Hospital_1619,Hospital,8.08,77.0475
N1621,Residential_1620,Residential,8.08,77.05
N1622,Junction_1621,Junction,8.08,77.0525
N1623,Junction_1622,Junction,8.08,77.055
N1624,Residential_1623,Residential,8.08,77.0575
N1625,Residential_1624,Residential,8.08,77.06
N1626,Junction_1625,Junction,8.08,77.0625
N1627,Factory_1626,Factory,8.08,77.065
N1628,Residential_1627,Residential,8.08,77.0675
N1629,Open_Area_1628,Open_Area,8.08,77.07
N1630,Residential_1629,Residential,8.08,77.0725
N1631,Residential_1630,Residential,8.08,77.075
N1632,Residential_1631,Residential,8.08,77.0775
N1633,Junction_1632,Junction,8.08,77.08
N1634,Junction_1633,Junction,8.08,77.0825
N1635,Junction_1634,Junction,8.08,77.085
N1636,Warehouse_1635,Warehouse,8.08,77.0875
N1637,Residential_1636,Residential,8.08,77.09
N1638,Junction_1637,Junction,8.08,77.0925
N1639,Junction_1638,Junction,8.08,77.095
N1640,Junction_1639,Junction,8.08,77.0975
N1641,Junction_1640,Junction,8.08,77.1
N1642,Junction_1641,Junction,8.08,77.1025
N1643,Open_Area_1642,Open_Area,8.08,77.105
N1644,Junction_1643,Junction,8.08,77.1075
N1645,School_1644,School,8.08,77.11
N1646,Warehouse_1645,Warehouse,8.08,77.1125
N1647,Junction_1646,Junction,8.08,77.115
N1648,Open_Area_1647,Open_Area,8.08,77.1175
N1649,Factory_1648,Factory,8.08,77.12
N1650,Junction_1649,Junction,8.08,77.1225
N1651,Junction_1650,Junction,8.0825,77.0
N1652,Junction_1651,Junction,8.0825,77.0025
N1653,Junction_1652,Junction,8.0825,77.005
N1654,Junction_1653,Junction,8.0825,77.0075
N1655,Junction_1654,Junction,8.0825,77.01
N1656,Warehouse_1655,Warehouse,8.0825,77.0125
N1657,Hospital_1656,Hospital,8.0825,77.015
N1658,Warehouse_1657,Warehouse,8.0825,77.0175
N1659,Factory_1658,Factory,8.0825,77.02
N1660,Junction_1659,Junction,8.0825,77.0225
N1661,Warehouse_1660,Warehouse,8.0825,77.025
N1662,Junction_1661,Junction,8.0825,77.0275
N1663,Junction_1662,Junction,8.0825,77.03
N1664,Junction_1663,Junction,8.0825,77.0325
N1665,Residential_1664,Residential,8.0825,77.035
N1666,Residential_1665,Residential,8.0825,77.0375
N1667,Hospital_1666,Hospital,8.0825,77.04
N1668,Junction_1667,Junction,8.0825,77.0425
N1669,Residential_1668,Residential,8.0825,77.045
N1670,Junction_1669,Junction,8.0825,77.0475
N1671,Junction_1670,Junction,8.0825,77.05
N1672,Residential_1671,Residential,8.0825,77.0525
N1673,Junction_1672,Junction,8.0825,77.055
N1674,Factory_1673,Factory,8.0825,77.0575
N1675,Fuel_Station_1674,Fuel_Station,8.0825,77.06
N1676,School_1675,School,8.0825,77.0625
N1677,Residential_1676,Residential,8.0825,77.065
N1678,Junction_1677,Junction,8.0825,77.0675
N1679,Junction_1678,Junction,8.0825,77.07
N1680,Junction_1679,Junction,8.0825,77.0725
N1681,Junction_1680,Junction,8.0825,77.075
N1682,School_1681,School,8.0825,77.0775
N1683,Junction_1682,Junction,8.0825,77.08
N1684,Open_Area_1683,Open_Area,8.0825,77.0825
N1685,Warehouse_1684,Warehouse,8.0825,77.085
N1686,Junction_1685,Junction,8.0825,77.0875
N1687,Residential_1686,Residential,8.0825,77.09
N1688,Warehouse_1687,Warehouse,8.0825,77.0925
N1689,Residential_1688,Residential,8.0825,77.095
N1690,Residential_1689,Residential,8.0825,77.0975
N1691,Residential_1690,Residential,8.0825,77.1
N1692,Junction_1691,Junction,8.0825,77.1025
N1693,Factory_1692,Factory,8.0825,77.105
N1694,Residential_1693,Residential,8.0825,77.1075
N1695,Factory_1694,Factory,8.0825,77.11
N1696,Junction_1695,Junction,8.0825,77.1125
N1697,Factory_1696,Factory,8.0825,77.115
N1698,Warehouse_1697,Warehouse,8.0825,77.1175
N1699,Junction_1698,Junction,8.0825,77.12
N1700,Junction_1699,Junction,8.0825,77.1225
N1701,Hospital_1700,Hospital,8.085,77.0
N1702,Fuel_Station_1701,Fuel_Station,8.085,77.0025
N1703,Hospital_1702,Hospital,8.085,77.005
N1704,Junction_1703,Junction,8.085,77.0075
N1705,Warehouse_1704,Warehouse,8.085,77.01
N1706,Warehouse_1705,Warehouse,8.085,77.0125
N1707,Residential_1706,Residential,8.085,77.015
N1708,Junction_1707,Junction,8.085,77.0175
N1709,Warehouse_1708,Warehouse,8.085,77.02
N1710,Open_Area_1709,Open_Area,8.085,77.0225
N1711,Junction_1710,Junction,8.085,77.025
N1712,Junction_1711,Junction,8.085,77.0275
N1713,Junction_1712,Junction,8.085,77.03
N1714,Factory_1713,Factory,8.085,77.0325
N1715,Warehouse_1714,Warehouse,8.085,77.035
N1716,Warehouse_1715,Warehouse,8.085,77.0375
N1717,Residential_1716,Residential,8.085,77.04
N1718,Fuel_Station_1717,Fuel_Station,8.085,77.0425
N1719,Junction_1718,Junction,8.085,77.045
N1720,Junction_1719,Junction,8.085,77.0475
N1721,Fuel_Station_1720,Fuel_Station,8.085,77.05
N1722,Fuel_Station_1721,Fuel_Station,8.085,77.0525
N1723,Factory_1722,Factory,8.085,77.055
N1724,Residential_1723,Residential,8.085,77.0575
N1725,Junction_1724,Junction,8.085,77.06
N1726,Factory_1725,Factory,8.085,77.0625
N1727,Junction_1726,Junction,8.085,77.065
N1728,Junction_1727,Junction,8.085,77.0675
N1729,Junction_1728,Junction,8.085,77.07
N1730,Open_Area_1729,Open_Area,8.085,77.0725
N1731,Junction_1730,Junction,8.085,77.075
N1732,Open_Area_1731,Open_Area,8.085,77.0775
N1733,Warehouse_1732,Warehouse,8.085,77.08
N1734,Factory_1733,Factory,8.085,77.0825
N1735,Junction_1734,Junction,8.085,77.085
N1736,Fuel_Station_1735,Fuel_Station,8.085,77.0875
N1737,Junction_1736,Junction,8.085,77.09
N1738,Hospital_1737,Hospital,8.085,77.0925
N1739,Residential_1738,Residential,8.085,77.095
N1740,Junction_1739,Junction,8.085,77.0975
N1741,Factory_1740,Factory,8.085,77.1
N1742,Warehouse_1741,Warehouse,8.085,77.1025
N1743,Hospital_1742,Hospital,8.085,77.105
N1744,Factory_1743,Factory,8.085,77.1075
N1745,Junction_1744,Junction,8.085,77.11
N1746,Junction_1745,Junction,8.085,77.1125
N1747,Junction_1746,Junction,8.085,77.115
N1748,Warehouse_1747,Warehouse,8.085,77.1175
N1749,Hospital_1748,Hospital,8.085,77.12
N1750,School_1749,School,8.085,77.1225
N1751,Junction_1750,Junction,8.0875,77.0
N1752,Junction_1751,Junction,8.0875,77.0025
N1753,Junction_1752,Junction,8.0875,77.005
N1754,Open_Area_1753,Open_Area,8.0875,77.0075
N1755,Warehouse_1754,Warehouse,8.0875,77.01
N1756,Junction_1755,Junction,8.0875,77.0125
N1757,Factory_1756,Factory,8.0875,77.015
N1758,Junction_1757,Junction,8.0875,77.0175
N1759,Factory_1758,Factory,8.0875,77.02
N1760,Junction_1759,Junction,8.0875,77.0225
N1761,Warehouse_1760,Warehouse,8.0875,77.025
N1762,Junction_1761,Junction,8.0875,77.0275
N1763,Junction_1762,Junction,8.0875,77.03
N1764,Residential_1763,Residential,8.0875,77.0325
N1765,Fuel_Station_1764,Fuel_Station,8.0875,77.035
N1766,Junction_1765,Junction,8.0875,77.0375
N1767,Junction_1766,Junction,8.0875,77.04
N1768,Warehouse_1767,Warehouse,8.0875,77.0425
N1769,Residential_1768,Residential,8.0875,77.045
N1770,Residential_1769,Residential,8.0875,77.0475
N1771,Junction_1770,Junction,8.0875,77.05
N1772,Residential_1771,Residential,8.0875,77.0525
N1773,Residential_1772,Residential,8.0875,77.055
N1774,Residential_1773,Residential,8.0875,77.0575
N1775,Junction_1774,Junction,8.0875,77.06
N1776,Junction_1775,Junction,8.0875,77.0625
N1777,Residential_1776,Residential,8.0875,77.065
N1778,Residential_1777,Residential,8.0875,77.0675
N1779,Junction_1778,Junction,8.0875,77.07
N1780,Junction_1779,Junction,8.0875,77.0725
N1781,Hospital_1780,Hospital,8.0875,77.075
N1782,Residential_1781,Residential,8.0875,77.0775
N1783,Hospital_1782,Hospital,8.0875,77.08
N1784,Hospital_1783,Hospital,8.0875,77.0825
N1785,Open_Area_1784,Open_Area,8.0875,77.085
N1786,Factory_1785,Factory,8.0875,77.0875
N1787,Junction_1786,Junction,8.0875,77.09
N1788,Junction_1787,Junction,8.0875,77.0925
N1789,Residential_1788,Residential,8.0875,77.095
N1790,Factory_1789,Factory,8.0875,77.0975
N1791,Hospital_1790,Hospital,8.0875,77.1
N1792,Junction_1791,Junction,8.0875,77.1025
N1793,Warehouse_1792,Warehouse,8.0875,77.105
N1794,Junction_1793,Junction,8.0875,77.1075
N1795,Warehouse_1794,Warehouse,8.0875,77.11
N1796,Residential_1795,Residential,8.0875,77.1125
N1797,Residential_1796,Residential,8.0875,77.115
N1798,Junction_1797,Junction,8.0875,77.1175
N1799,Factory_1798,Factory,8.0875,77.12
N1800,Residential_1799,Residential,8.0875,77.1225
N1801,Junction_1800,Junction,8.09,77.0
N1802,Junction_1801,Junction,8.09,77.0025
N1803,School_1802,School,8.09,77.005
N1804,Residential_1803,Residential,8.09,77.0075
N1805,Residential_1804,Residential,8.09,77.01
N1806,Residential_1805,Residential,8.09,77.0125
N1807,Warehouse_1806,Warehouse,8.09,77.015
N1808,Residential_1807,Residential,8.09,77.0175
N1809,Junction_1808,Junction,8.09,77.02
N1810,Residential_1809,Residential,8.09,77.0225
N1811,Warehouse_1810,Warehouse,8.09,77.025
N1812,Open_Area_1811,Open_Area,8.09,77.0275
N1813,Factory_1812,Factory,8.09,77.03
N1814,Junction_1813,Junction,8.09,77.0325
N1815,Junction_1814,Junction,8.09,77.035
N1816,School_1815,School,8.09,77.0375
N1817,Junction_1816,Junction,8.09,77.04
N1818,Warehouse_1817,Warehouse,8.09,77.0425
N1819,Factory_1818,Factory,8.09,77.045
N1820,Junction_1819,Junction,8.09,77.0475
N1821,Residential_1820,Residential,8.09,77.05
N1822,Factory_1821,Factory,8.09,77.0525
N1823,Open_Area_1822,Open_Area,8.09,77.055
N1824,Junction_1823,Junction,8.09,77.0575
N1825,Junction_1824,Junction,8.09,77.06
N1826,Open_Area_1825,Open_Area,8.09,77.0625
N1827,Hospital_1826,Hospital,8.09,77.065
N1828,Factory_1827,Factory,8.09,77.0675
N1829,Junction_1828,Junction,8.09,77.07
N1830,School_1829,School,8.09,77.0725
N1831,Open_Area_1830,Open_Area,8.09,77.075
N1832,Junction_1831,Junction,8.09,77.0775
N1833,Factory_1832,Factory,8.09,77.08
N1834,Factory_1833,Factory,8.09,77.0825
N1835,Junction_1834,Junction,8.09,77.085
N1836,School_1835,School,8.09,77.0875
N1837,Open_Area_1836,Open_Area,8.09,77.09
N1838,Junction_1837,Junction,8.09,77.0925
N1839,Factory_1838,Factory,8.09,77.095
N1840,Factory_1839,Factory,8.09,77.0975
N1841,Open_Area_1840,Open_Area,8.09,77.1
N1842,Junction_1841,Junction,8.09,77.1025
N1843,Junction_1842,Junction,8.09,77.105
N1844,Warehouse_1843,Warehouse,8.09,77.1075
N1845,Warehouse_1844,Warehouse,8.09,77.11
N1846,Junction_1845,Junction,8.09,77.1125
N1847,Hospital_1846,Hospital,8.09,77.115
N1848,Factory_1847,Factory,8.09,77.1175
N1849,Junction_1848,Junction,8.09,77.12
N1850,Junction_1849,Junction,8.09,77.1225
N1851,Open_Area_1850,Open_Area,8.0925,77.0
N1852,Junction_1851,Junction,8.0925,77.0025
N1853,Warehouse_1852,Warehouse,8.0925,77.005
N1854,Residential_1853,Residential,8.0925,77.0075
N1855,Junction_1854,Junction,8.0925,77.01
N1856,Residential_1855,Residential,8.0925,77.0125
N1857,Open_Area_1856,Open_Area,8.0925,77.015
N1858,Residential_1857,Residential,8.0925,77.0175
N1859,Residential_1858,Residential,8.0925,77.02
N1860,Residential_1859,Residential,8.0925,77.0225
N1861,Residential_1860,Residential,8.0925,77.025
N1862,Residential_1861,Residential,8.0925,77.0275
N1863,Warehouse_1862,Warehouse,8.0925,77.03
N1864,Junction_1863,Junction,8.0925,77.0325
N1865,Warehouse_1864,Warehouse,8.0925,77.035
N1866,Junction_1865,Junction,8.0925,77.0375
N1867,Residential_1866,Residential,8.0925,77.04
N1868,Junction_1867,Junction,8.0925,77.0425
N1869,Residential_1868,Residential,8.0925,77.045
N1870,Junction_1869,Junction,8.0925,77.0475
N1871,Fuel_Station_1870,Fuel_Station,8.0925,77.05
N1872,Warehouse_1871,Warehouse,8.0925,77.0525
N1873,School_1872,School,8.0925,77.055
N1874,Open_Area_1873,Open_Area,8.0925,77.0575
N1875,Hospital_1874,Hospital,8.0925,77.06
N1876,Junction_1875,Junction,8.0925,77.0625
N1877,Residential_1876,Residential,8.0925,77.065
N1878,Warehouse_1877,Warehouse,8.0925,77.0675
N1879,Residential_1878,Residential,8.0925,77.07
N1880,Junction_1879,Junction,8.0925,77.0725
N1881,Factory_1880,Factory,8.0925,77.075
N1882,Residential_1881,Residential,8.0925,77.0775
N1883,Junction_1882,Junction,8.0925,77.08
N1884,Residential_1883,Residential,8.0925,77.0825
N1885,Junction_1884,Junction,8.0925,77.085
N1886,Residential_1885,Residential,8.0925,77.0875
N1887,Junction_1886,Junction,8.0925,77.09
N1888,Warehouse_1887,Warehouse,8.0925,77.0925
N1889,Hospital_1888,Hospital,8.0925,77.095
N1890,Warehouse_1889,Warehouse,8.0925,77.0975
N1891,Junction_1890,Junction,8.0925,77.1
N1892,Junction_1891,Junction,8.0925,77.1025
N1893,Junction_1892,Junction,8.0925,77.105
N1894,Warehouse_1893,Warehouse,8.0925,77.1075
N1895,Residential_1894,Residential,8.0925,77.11
N1896,Factory_1895,Factory,8.0925,77.1125
N1897,Junction_1896,Junction,8.0925,77.115
N1898,Fuel_Station_1897,Fuel_Station,8.0925,77.1175
N1899,Residential_1898,Residential,8.0925,77.12
N1900,Warehouse_1899,Warehouse,8.0925,77.1225
N1901,Factory_1900,Factory,8.095,77.0
N1902,Warehouse_1901,Warehouse,8.095,77.0025
N1903,Residential_1902,Residential,8.095,77.005
N1904,Junction_1903,Junction,8.095,77.0075
N1905,Residential_1904,Residential,8.095,77.01
N1906,Residential_1905,Residential,8.095,77.0125
N1907,Hospital_1906,Hospital,8.095,77.015
N1908,Junction_1907,Junction,8.095,77.0175
N1909,School_1908,School,8.095,77.02
N1910,Warehouse_1909,Warehouse,8.095,77.0225
N1911,Fuel_Station_1910,Fuel_Station,8.095,77.025
N1912,Junction_1911,Junction,8.095,77.0275
N1913,Residential_1912,Residential,8.095,77.03
N1914,Junction_1913,Junction,8.095,77.0325
N1915,Open_Area_1914,Open_Area,8.095,77.035
N1916,Warehouse_1915,Warehouse,8.095,77.0375
N1917,Residential_1916,Residential,8.095,77.04
N1918,Junction_1917,Junction,8.095,77.0425
N1919,Junction_1918,Junction,8.095,77.045
N1920,Residential_1919,Residential,8.095,77.0475
N1921,Junction_1920,Junction,8.095,77.05
N1922,Warehouse_1921,Warehouse,8.095,77.0525
N1923,Hospital_1922,Hospital,8.095,77.055
N1924,Residential_1923,Residential,8.095,77.0575
N1925,Residential_1924,Residential,8.095,77.06
N1926,Fuel_Station_1925,Fuel_Station,8.095,77.0625
N1927,Warehouse_1926,Warehouse,8.095,77.065
N1928,Junction_1927,Junction,8.095,77.0675
N1929,Junction_1928,Junction,8.095,77.07
N1930,Junction_1929,Junction,8.095,77.0725
N1931,Junction_1930,Junction,8.095,77.075
N1932,Junction_1931,Junction,8.095,77.0775
N1933,Junction_1932,Junction,8.095,77.08
N1934,Junction_1933,Junction,8.095,77.0825
N1935,Junction_1934,Junction,8.095,77.085
N1936,Open_Area_1935,Open_Area,8.095,77.0875
N1937,Warehouse_1936,Warehouse,8.095,77.09
N1938,Warehouse_1937,Warehouse,8.095,77.0925
N1939,Warehouse_1938,Warehouse,8.095,77.095
N1940,Warehouse_1939,Warehouse,8.095,77.0975
N1941,Factory_1940,Factory,8.095,77.1
N1942,School_1941,School,8.095,77.1025
N1943,Residential_1942,Residential,8.095,77.105
N1944,Junction_1943,Junction,8.095,77.1075
N1945,Junction_1944,Junction,8.095,77.11
N1946,Junction_1945,Junction,8.095,77.1125
N1947,Warehouse_1946,Warehouse,8.095,77.115
N1948,Warehouse_1947,Warehouse,8.095,77.1175
N1949,School_1948,School,8.095,77.12
N1950,Hospital_1949,Hospital,8.095,77.1225
N1951,Junction_1950,Junction,8.0975,77.0
N1952,Junction_1951,Junction,8.0975,77.0025
N1953,Factory_1952,Factory,8.0975,77.005
N1954,Junction_1953,Junction,8.0975,77.0075
N1955,Residential_1954,Residential,8.0975,77.01
N1956,Open_Area_1955,Open_Area,8.0975,77.0125
N1957,Residential_1956,Residential,8.0975,77.015
N1958,Junction_1957,Junction,8.0975,77.0175
N1959,Residential_1958,Residential,8.0975,77.02
N1960,Factory_1959,Factory,8.0975,77.0225
N1961,Factory_1960,Factory,8.0975,77.025
N1962,Hospital_1961,Hospital,8.0975,77.0275
N1963,Junction_1962,Junction,8.0975,77.03
N1964,Open_Area_1963,Open_Area,8.0975,77.0325
N1965,Residential_1964,Residential,8.0975,77.035
N1966,Junction_1965,Junction,8.0975,77.0375
N1967,Hospital_1966,Hospital,8.0975,77.04
N1968,Open_Area_1967,Open_Area,8.0975,77.0425
N1969,Fuel_Station_1968,Fuel_Station,8.0975,77.045
N1970,Warehouse_1969,Warehouse,8.0975,77.0475
N1971,Fuel_Station_1970,Fuel_Station,8.0975,77.05
N1972,Residential_1971,Residential,8.0975,77.0525
N1973,Factory_1972,Factory,8.0975,77.055
N1974,Open_Area_1973,Open_Area,8.0975,77.0575
N1975,Hospital_1974,Hospital,8.0975,77.06
N1976,Junction_1975,Junction,8.0975,77.0625
N1977,Junction_1976,Junction,8.0975,77.065
N1978,Hospital_1977,Hospital,8.0975,77.0675
N1979,Junction_1978,Junction,8.0975,77.07
N1980,Residential_1979,Residential,8.0975,77.0725
N1981,Residential_1980,Residential,8.0975,77.075
N1982,Open_Area_1981,Open_Area,8.0975,77.0775
N1983,Junction_1982,Junction,8.0975,77.08
N1984,Junction_1983,Junction,8.0975,77.0825
N1985,Junction_1984,Junction,8.0975,77.085
N1986,Warehouse_1985,Warehouse,8.0975,77.0875
N1987,Junction_1986,Junction,8.0975,77.09
N1988,Junction_1987,Junction,8.0975,77.0925
N1989,Junction_1988,Junction,8.0975,77.095
N1990,Residential_1989,Residential,8.0975,77.0975
N1991,Open_Area_1990,Open_Area,8.0975,77.1
N1992,Open_Area_1991,Open_Area,8.0975,77.1025
N1993,Junction_1992,Junction,8.0975,77.105
N1994,Warehouse_1993,Warehouse,8.0975,77.1075
N1995,Warehouse_1994,Warehouse,8.0975,77.11
N1996,Residential_1995,Residential,8.0975,77.1125
N1997,Factory_1996,Factory,8.0975,77.115
N1998,Warehouse_1997,Warehouse,8.0975,77.1175
N1999,Junction_1998,Junction,8.0975,77.12
N2000,Junction_1999,Junction,8.0975,77.1225
