incident_id,plant,type,severity,people_affected,chemical,fire,explosion,x,y
I001,Plant_B,Chemical_Leak,3,25,Sulfur_Dioxide,0,0,74,45
I002,Plant_A,Chemical_Leak,10,9,Ammonia,0,0,8,25
I003,Plant_D,Explosion,8,64,Sulfur_Dioxide,1,0,27,85
I004,Plant_C,Chemical_Leak,7,12,Sulfur_Dioxide,0,0,48,70
I005,Plant_A,Chemical_Fire,7,43,Benzene,1,1,13,18
I006,Plant_B,Chemical_Leak,2,21,Ammonia,0,0,75,44
I007,Plant_E,Explosion,8,61,Sulfur_Dioxide,1,1,59,12
I008,Plant_D,Chemical_Leak,9,25,Hydrogen_Sulfide,0,0,27,78
I009,Plant_D,Toxic_Release,2,5,Sulfur_Dioxide,0,0,27,83
I010,Plant_H,Fire,8,17,None,1,0,11,54
I011,Plant_E,Chemical_Fire,9,25,Hydrogen_Sulfide,1,0,61,23
I012,Plant_H,Chemical_Leak,3,21,Chlorine,0,0,20,49
I013,Plant_G,Fire,8,47,None,1,0,42,40
I014,Plant_E,Chemical_Fire,8,40,Sulfur_Dioxide,1,1,65,23
I015,Plant_C,Equipment_Failure,5,52,None,0,0,53,68
I016,Plant_C,Fire,3,18,None,1,0,53,62
I017,Plant_F,Equipment_Failure,6,67,None,0,0,91,74
I018,Plant_A,Fire,10,130,None,1,0,4,27
I019,Plant_B,Spill,3,22,Benzene,0,0,77,40
I020,Plant_G,Spill,4,33,Benzene,0,0,54,48
I021,Plant_H,Pressure_Vessel_Failure,7,27,Hydrogen_Sulfide,1,1,14,54
I022,Plant_A,Chemical_Leak,1,10,Chlorine,0,0,4,28
I023,Plant_D,Fire,8,22,None,1,0,21,92
I024,Plant_D,Toxic_Release,2,15,Hydrogen_Sulfide,0,0,28,90
I025,Plant_G,Explosion,7,32,None,1,1,52,40
I026,Plant_D,Chemical_Leak,7,17,Benzene,0,0,31,84
I027,Plant_B,Explosion,9,125,Benzene,1,1,79,37
I028,Plant_G,Equipment_Failure,7,82,None,0,0,47,49
I029,Plant_A,Spill,8,27,Sulfur_Dioxide,0,0,17,16
I030,Plant_D,Fire,1,6,None,1,0,18,87
I031,Plant_A,Chemical_Leak,9,20,Hydrogen_Sulfide,0,0,18,14
I032,Plant_C,Chemical_Leak,4,18,Chlorine,0,0,44,63
I033,Plant_B,Explosion,9,24,Benzene,1,1,82,39
I034,Plant_E,Fire,5,25,None,1,0,59,7
I035,Plant_H,Equipment_Failure,2,3,None,0,0,13,63
I036,Plant_E,Chemical_Leak,4,17,Sulfur_Dioxide,0,0,62,21
I037,Plant_E,Equipment_Failure,9,4,None,0,0,66,10
I038,Plant_C,Fire,2,17,None,1,0,41,70
I039,Plant_E,Equipment_Failure,4,31,None,0,0,65,23
I040,Plant_H,Fire,1,1,None,1,0,20,55
I041,Plant_A,Chemical_Leak,5,11,Ammonia,0,0,16,25
I042,Plant_A,Chemical_Leak,6,39,Ammonia,0,0,6,25
I043,Plant_C,Chemical_Leak,1,11,Sulfur_Dioxide,0,0,43,69
I044,Plant_B,Fire,9,102,None,1,0,85,36
I045,Plant_D,Toxic_Release,1,2,Ammonia,0,0,27,90
I046,Plant_D,Fire,2,8,None,1,0,18,92
I047,Plant_D,Chemical_Leak,4,11,Hydrogen_Sulfide,0,0,23,89
I048,Plant_F,Fire,2,27,None,1,0,90,78
I049,Plant_G,Equipment_Failure,6,76,None,0,0,45,45
I050,Plant_C,Equipment_Failure,1,1,None,0,0,50,73
I051,Plant_F,Explosion,10,31,Benzene,1,1,95,67
I052,Plant_D,Fire,2,26,None,1,0,27,87
I053,Plant_B,Chemical_Fire,9,41,Sulfur_Dioxide,1,1,81,36
I054,Plant_D,Explosion,9,41,Hydrogen_Sulfide,1,1,17,86
I055,Plant_E,Chemical_Leak,6,31,Benzene,0,0,71,13
I056,Plant_H,Toxic_Release,5,28,Ammonia,0,0,17,49
I057,Plant_D,Equipment_Failure,4,8,None,0,0,18,84
I058,Plant_H,Equipment_Failure,8,37,None,0,0,13,59
I059,Plant_H,Fire,3,22,None,1,0,7,50
I060,Plant_G,Chemical_Leak,9,28,Benzene,0,0,45,51
I061,Plant_C,Toxic_Release,10,37,Benzene,0,0,51,78
I062,Plant_G,Toxic_Release,3,26,Benzene,0,0,57,51
I063,Plant_E,Chemical_Fire,10,71,None,1,1,65,21
I064,Plant_B,Chemical_Fire,7,15,Ammonia,1,1,79,44
I065,Plant_C,Chemical_Fire,10,47,Chlorine,1,1,43,75
I066,Plant_G,Pressure_Vessel_Failure,10,53,Benzene,1,0,53,46
I067,Plant_G,Toxic_Release,9,87,Hydrogen_Sulfide,0,0,49,52
I068,Plant_D,Fire,8,7,None,1,0,27,89
I069,Plant_C,Toxic_Release,9,8,Ammonia,0,0,49,62
I070,Plant_B,Equipment_Failure,8,20,None,0,0,80,44
I071,Plant_F,Chemical_Leak,7,23,Sulfur_Dioxide,0,0,95,75
I072,Plant_B,Explosion,8,59,None,1,1,73,32
I073,Plant_D,Chemical_Leak,4,8,Chlorine,0,0,20,83
I074,Plant_H,Chemical_Fire,10,92,Sulfur_Dioxide,1,1,12,56
I075,Plant_B,Equipment_Failure,10,77,None,0,0,84,44
I076,Plant_D,Chemical_Leak,5,53,Ammonia,0,0,20,78
I077,Plant_F,Equipment_Failure,2,11,None,0,0,92,67
I078,Plant_G,Toxic_Release,6,43,Chlorine,0,0,56,41
I079,Plant_G,Chemical_Leak,5,34,Benzene,0,0,57,51
I080,Plant_G,Toxic_Release,4,40,Benzene,0,0,44,45
I081,Plant_H,Fire,8,51,None,1,0,19,57
I082,Plant_A,Equipment_Failure,8,22,None,0,0,10,22
I083,Plant_E,Pressure_Vessel_Failure,9,52,None,1,0,63,9
I084,Plant_D,Chemical_Fire,10,73,Hydrogen_Sulfide,1,1,32,91
I085,Plant_A,Chemical_Leak,4,14,Ammonia,0,0,13,27
I086,Plant_F,Explosion,10,33,None,1,1,90,74
I087,Plant_B,Chemical_Fire,9,23,Sulfur_Dioxide,1,1,87,40
I088,Plant_E,Spill,6,15,Ammonia,0,0,57,11
I089,Plant_E,Chemical_Leak,3,21,Chlorine,0,0,72,10
I090,Plant_A,Equipment_Failure,8,31,None,0,0,3,20
I091,Plant_H,Chemical_Leak,2,12,Chlorine,0,0,8,51
I092,Plant_C,Toxic_Release,4,7,Sulfur_Dioxide,0,0,50,69
I093,Plant_G,Explosion,10,36,Hydrogen_Sulfide,1,1,43,40
I094,Plant_D,Equipment_Failure,2,4,None,0,0,22,79
I095,Plant_C,Chemical_Leak,8,28,Hydrogen_Sulfide,0,0,44,71
I096,Plant_E,Chemical_Fire,9,85,Hydrogen_Sulfide,1,1,63,20
I097,Plant_B,Equipment_Failure,5,50,None,0,0,74,33
I098,Plant_C,Toxic_Release,10,122,Benzene,0,0,51,65
I099,Plant_H,Chemical_Fire,10,49,None,1,1,8,60
I100,Plant_F,Equipment_Failure,4,54,None,1,0,82,75
I101,Plant_A,Chemical_Fire,9,22,Ammonia,1,1,15,27
I102,Plant_B,Explosion,8,30,Hydrogen_Sulfide,1,1,87,41
I103,Plant_G,Toxic_Release,2,7,Benzene,1,0,52,40
I104,Plant_G,Toxic_Release,9,46,Chlorine,0,0,43,43
I105,Plant_F,Equipment_Failure,8,72,None,0,0,88,75
I106,Plant_C,Pressure_Vessel_Failure,8,7,Hydrogen_Sulfide,1,0,44,67
I107,Plant_E,Equipment_Failure,2,5,None,0,0,60,21
I108,Plant_B,Equipment_Failure,5,28,None,0,0,80,45
I109,Plant_H,Spill,3,13,Ammonia,0,0,23,51
I110,Plant_B,Fire,7,27,None,1,0,88,40
I111,Plant_A,Fire,5,51,None,1,0,17,16
I112,Plant_H,Equipment_Failure,9,81,None,0,0,19,61
I113,Plant_F,Toxic_Release,4,42,Ammonia,0,0,95,68
I114,Plant_F,Chemical_Fire,10,149,None,1,0,86,82
I115,Plant_A,Chemical_Leak,2,22,Benzene,0,0,16,15
I116,Plant_H,Chemical_Leak,3,4,Ammonia,0,0,15,57
I117,Plant_G,Equipment_Failure,9,39,None,0,0,52,52
I118,Plant_A,Equipment_Failure,5,79,None,0,0,4,25
I119,Plant_B,Chemical_Fire,8,64,None,1,0,72,33
I120,Plant_F,Toxic_Release,7,15,Sulfur_Dioxide,0,0,98,80
I121,Plant_C,Chemical_Leak,7,49,Chlorine,0,0,44,77
I122,Plant_C,Fire,5,25,None,1,0,37,76
I123,Plant_E,Equipment_Failure,8,104,None,0,0,66,20
I124,Plant_E,Explosion,10,18,Sulfur_Dioxide,1,1,69,18
I125,Plant_E,Spill,7,23,Sulfur_Dioxide,1,0,58,22
I126,Plant_E,Chemical_Fire,8,57,Ammonia,1,1,65,11
I127,Plant_B,Pressure_Vessel_Failure,8,52,None,1,1,76,34
I128,Plant_E,Fire,7,17,None,1,0,61,18
I129,Plant_E,Toxic_Release,8,110,Sulfur_Dioxide,0,0,66,17
I130,Plant_B,Explosion,10,138,Chlorine,1,1,83,34
I131,Plant_G,Chemical_Leak,6,46,Benzene,0,0,50,49
I132,Plant_F,Chemical_Leak,10,113,Ammonia,0,0,92,74
I133,Plant_B,Equipment_Failure,5,37,None,0,0,75,36
I134,Plant_A,Spill,2,3,Sulfur_Dioxide,0,0,6,24
I135,Plant_H,Fire,9,42,None,1,0,11,60
I136,Plant_B,Toxic_Release,5,5,Benzene,0,0,83,38
I137,Plant_H,Explosion,9,55,Ammonia,1,0,18,48
I138,Plant_G,Fire,2,26,None,1,0,56,39
I139,Plant_D,Equipment_Failure,1,1,None,0,0,27,84
I140,Plant_C,Toxic_Release,9,24,Ammonia,1,0,43,69
I141,Plant_F,Chemical_Fire,8,48,Benzene,1,1,87,70
I142,Plant_A,Chemical_Leak,4,26,Sulfur_Dioxide,0,0,2,17
I143,Plant_E,Chemical_Leak,2,10,Hydrogen_Sulfide,0,0,68,23
I144,Plant_B,Explosion,9,46,Ammonia,1,0,72,33
I145,Plant_H,Toxic_Release,8,66,Hydrogen_Sulfide,0,0,21,49
I146,Plant_B,Fire,3,4,None,1,0,80,42
I147,Plant_G,Spill,9,61,Benzene,0,0,45,40
I148,Plant_D,Explosion,10,47,Ammonia,1,1,20,87
I149,Plant_G,Fire,5,21,None,1,0,46,52
I150,Plant_B,Chemical_Leak,2,17,Chlorine,0,0,83,36
I151,Plant_A,Equipment_Failure,6,46,None,0,0,15,23
I152,Plant_G,Toxic_Release,10,37,Chlorine,0,0,45,53
I153,Plant_D,Chemical_Leak,2,8,Hydrogen_Sulfide,0,0,28,80
I154,Plant_E,Equipment_Failure,9,127,None,0,0,57,15
I155,Plant_A,Chemical_Leak,6,2,Sulfur_Dioxide,0,0,6,24
I156,Plant_B,Chemical_Leak,9,25,Chlorine,0,0,85,46
I157,Plant_F,Chemical_Leak,10,67,Sulfur_Dioxide,0,0,83,71
I158,Plant_C,Chemical_Fire,10,75,Chlorine,1,1,52,76
I159,Plant_G,Fire,9,17,None,1,0,55,40
I160,Plant_E,Equipment_Failure,9,68,None,0,0,58,14
I161,Plant_G,Spill,5,65,Chlorine,1,0,46,45
I162,Plant_E,Fire,1,5,None,1,0,70,12
I163,Plant_C,Fire,4,22,None,1,0,48,64
I164,Plant_G,Toxic_Release,8,98,Chlorine,0,0,52,50
I165,Plant_G,Chemical_Fire,7,96,Hydrogen_Sulfide,1,1,47,51
I166,Plant_F,Chemical_Leak,10,45,Chlorine,0,0,84,79
I167,Plant_E,Chemical_Fire,7,40,Ammonia,1,1,60,23
I168,Plant_D,Pressure_Vessel_Failure,8,14,Sulfur_Dioxide,1,1,25,83
I169,Plant_C,Equipment_Failure,2,4,None,0,0,52,76
I170,Plant_H,Chemical_Fire,10,109,Benzene,1,1,17,51
I171,Plant_H,Chemical_Leak,5,33,Hydrogen_Sulfide,0,0,18,63
I172,Plant_B,Fire,8,8,None,1,0,83,41
I173,Plant_B,Equipment_Failure,2,13,None,0,0,88,44
I174,Plant_H,Equipment_Failure,1,5,None,0,0,13,57
I175,Plant_H,Equipment_Failure,8,14,None,0,0,17,49
I176,Plant_C,Chemical_Leak,9,52,Hydrogen_Sulfide,0,0,42,73
I177,Plant_F,Pressure_Vessel_Failure,7,66,Hydrogen_Sulfide,1,1,92,69
I178,Plant_F,Chemical_Leak,10,111,Hydrogen_Sulfide,0,0,92,69
I179,Plant_C,Pressure_Vessel_Failure,8,53,Sulfur_Dioxide,1,0,39,71
I180,Plant_G,Equipment_Failure,3,23,None,0,0,58,39
I181,Plant_G,Equipment_Failure,5,12,None,1,0,48,47
I182,Plant_H,Chemical_Leak,5,52,Ammonia,0,0,10,63
I183,Plant_A,Equipment_Failure,10,20,None,0,0,14,16
I184,Plant_C,Chemical_Leak,3,25,Benzene,0,0,38,75
I185,Plant_F,Equipment_Failure,8,55,None,0,0,96,74
I186,Plant_D,Fire,8,94,None,1,0,23,88
I187,Plant_H,Explosion,10,137,Sulfur_Dioxide,1,1,13,51
I188,Plant_E,Chemical_Leak,9,113,Hydrogen_Sulfide,0,0,73,10
I189,Plant_E,Chemical_Leak,9,20,Ammonia,0,0,70,9
I190,Plant_D,Toxic_Release,7,9,Sulfur_Dioxide,0,0,33,88
I191,Plant_D,Fire,2,8,None,1,0,17,87
I192,Plant_B,Toxic_Release,3,3,Sulfur_Dioxide,0,0,87,36
I193,Plant_H,Explosion,9,25,Chlorine,1,0,11,63
I194,Plant_G,Chemical_Leak,2,2,Sulfur_Dioxide,0,0,55,51
I195,Plant_B,Chemical_Leak,1,7,Hydrogen_Sulfide,0,0,79,36
I196,Plant_E,Explosion,10,25,Benzene,1,1,59,23
I197,Plant_F,Chemical_Leak,9,56,Benzene,0,0,94,82
I198,Plant_A,Equipment_Failure,5,44,None,0,0,13,14
I199,Plant_F,Fire,2,18,None,1,0,92,71
I200,Plant_A,Fire,6,59,None,1,0,7,26
