resource_id,type,location,capacity,status,response_time,distance_km,utilization,fuel_level_pct,battery_level_pct,personnel_count,readiness_score,maintenance_due_days,priority,communications_status,assigned_incident,x,y
R0001,Spill_Response,Plant_G,13,Deployed,27,10.8,0.33,,60.2,12,0.84,6,Critical,Online,INC002,54,53
R0002,Fire_Team,Plant_H,10,Available,14,12.7,0.0,,26.1,6,0.69,17,Low,Intermittent,None,12,45
R0003,Spill_Response,Depot_B,11,Deployed,9,3.7,0.23,,81.8,8,0.62,69,Medium,Online,INC003,66,83
R0004,Ambulance,Depot_C,2,Unavailable,4,23.8,0.12,69.8,62.6,1,0.0,84,High,Online,None,93,50
R0005,Hazmat_Team,Plant_C,9,Unavailable,13,7.3,0.11,,56.9,5,0.19,12,Medium,Online,None,37,61
R0006,Medical_Team,Depot_A,9,Available,5,12.9,0.0,,23.5,8,0.67,156,Medium,Online,None,0,76
R0007,Fire_Team,Hospital_C,10,Available,15,17.7,0.0,,66.1,5,0.68,171,Critical,Online,None,50,16
R0008,Evacuation_Bus,Plant_F,11,Deployed,16,22.9,0.11,83.6,67.7,6,0.8,135,High,Online,None,82,68
R0009,Mobile_Command,Depot_A,5,Deployed,10,4.1,0.42,,72.2,2,0.81,16,Low,Online,None,10,71
R0010,Evacuation_Bus,Plant_A,15,Available,26,20.3,0.0,20.6,38.6,13,0.8,136,Medium,Online,None,13,27
R0011,Evacuation_Bus,Plant_D,36,Unavailable,27,13.3,0.16,64.4,69.7,28,0.1,30,Low,Online,None,34,94
R0012,Fire_Team,Plant_H,21,Available,7,4.1,0.0,,90.3,11,0.9,18,Low,Online,None,16,56
R0013,Mobile_Command,Depot_B,4,Maintenance,13,4.0,0.13,,66.7,2,0.78,111,Critical,Online,None,61,87
R0014,Water_Tanker,Depot_A,9,Maintenance,21,12.7,0.01,50.3,57.3,6,0.71,30,High,Online,None,11,81
R0015,Safety_Officer,Hospital_C,6,Deployed,15,24.3,0.29,,38.4,4,0.78,86,Low,Online,INC002,30,17
R0016,Foam_Unit,Plant_B,6,Available,18,15.3,0.0,90.9,40.4,4,0.81,55,Critical,Online,None,73,33
R0017,Mobile_Command,Plant_G,1,Deployed,17,5.2,0.63,,75.0,1,0.82,119,Medium,Intermittent,None,59,53
R0018,Ambulance,Hospital_C,8,Available,5,18.7,0.0,24.4,95.2,6,0.98,107,High,Online,None,31,10
R0019,Hazmat_Team,Plant_F,16,Unavailable,14,14.8,0.1,,91.7,11,0.33,175,Low,Online,None,86,82
R0020,Fire_Team,Plant_F,13,Available,10,20.1,0.0,,39.1,9,0.89,122,Medium,Online,None,99,84
R0021,Spill_Response,Depot_A,6,Available,25,20.9,0.0,,24.8,4,0.67,45,Critical,Online,None,6,88
R0022,Mobile_Command,Plant_B,2,Deployed,23,1.7,0.31,,44.4,1,0.63,154,Low,Online,INC004,88,47
R0023,Spill_Response,Hospital_D,4,Available,20,11.2,0.0,,35.7,2,0.8,17,Medium,Intermittent,None,78,19
R0024,Rescue_Helicopter,Hospital_B,1,Available,18,15.5,0.0,99.9,84.5,1,0.8,172,Low,Online,None,84,73
R0025,Spill_Response,Plant_A,12,Unavailable,9,17.7,0.06,,68.9,9,0.2,85,Critical,Online,None,1,10
R0026,Rescue_Helicopter,Plant_H,2,Available,24,23.5,0.0,58.6,96.6,1,0.6,82,Medium,Online,None,24,57
R0027,Hazmat_Team,Depot_B,14,Maintenance,25,22.7,0.23,,25.0,12,0.59,128,Critical,Online,None,53,95
R0028,Ambulance,Depot_A,6,Available,5,6.0,0.0,67.9,69.7,4,0.86,110,High,Online,None,0,88
R0029,Hazmat_Team,Hospital_A,17,Deployed,18,7.4,0.5,,71.8,10,0.78,18,Low,Online,None,20,30
R0030,Rescue_Helicopter,Plant_C,1,Available,25,23.6,0.0,77.4,99.7,1,0.72,146,Low,Online,None,48,64
R0031,Rescue_Helicopter,Plant_C,4,Deployed,26,20.4,0.53,75.6,45.2,3,0.74,142,Low,Online,INC003,55,74
R0032,Mobile_Command,Plant_H,2,Deployed,26,17.1,0.71,,56.4,1,0.59,93,Critical,Online,INC001,10,58
R0033,Water_Tanker,Plant_C,21,Available,22,15.6,0.0,95.6,36.0,17,0.98,174,Low,Online,None,54,64
R0034,Medical_Team,Plant_D,14,Available,5,6.8,0.0,,72.5,11,0.87,165,High,Online,None,26,94
R0035,Water_Tanker,Plant_E,24,Unavailable,10,2.0,0.23,85.0,57.3,15,0.25,52,Medium,Online,None,65,11
R0036,Spill_Response,Hospital_D,9,Maintenance,17,7.6,0.0,,94.2,5,0.69,25,High,Online,None,84,18
R0037,Mobile_Command,Plant_C,4,Available,19,4.1,0.0,,43.1,2,0.85,95,High,Online,None,48,63
R0038,Safety_Officer,Hospital_B,3,Available,7,8.5,0.0,,36.6,2,0.74,18,Low,Online,None,66,56
R0039,Hazmat_Team,Plant_C,12,Available,19,22.9,0.0,,43.8,7,0.8,145,Low,Intermittent,None,38,66
R0040,Spill_Response,Plant_D,9,Available,21,10.7,0.0,,52.7,5,0.87,32,Critical,Online,None,33,77
R0041,Mobile_Command,Hospital_D,5,Available,30,19.9,0.0,,66.7,4,0.94,70,Low,Online,None,91,18
R0042,Fire_Team,Depot_C,9,Available,11,10.8,0.0,,46.0,8,0.86,93,Critical,Online,None,97,55
R0043,Rescue_Team,Hospital_C,10,Available,18,19.5,0.0,,57.2,7,0.72,25,Critical,Intermittent,None,50,24
R0044,Evacuation_Bus,Hospital_C,16,Unavailable,35,13.6,0.19,77.7,56.6,15,0.34,64,Medium,Online,None,46,5
R0045,Rescue_Team,Plant_F,14,Unavailable,7,1.3,0.01,,40.9,12,0.19,42,Low,Online,None,83,80
R0046,Fire_Team,Hospital_D,27,Unavailable,11,19.5,0.09,,66.0,16,0.28,13,High,Online,None,75,18
R0047,Hazmat_Team,Plant_G,10,Maintenance,11,7.3,0.03,,33.8,5,0.62,116,Medium,Online,None,55,52
R0048,Safety_Officer,Hospital_B,5,Deployed,13,19.7,0.51,,49.2,4,0.87,89,Critical,Online,INC002,81,73
R0049,Rescue_Helicopter,Depot_A,1,Maintenance,38,0.4,0.03,83.2,41.0,1,0.61,74,Critical,Online,None,0,70
R0050,Mobile_Command,Hospital_A,5,Available,23,20.0,0.0,,90.5,4,0.78,58,Low,Intermittent,None,24,26
R0051,Safety_Officer,Hospital_D,1,Unavailable,3,20.1,0.03,,88.3,1,0.08,171,Critical,Online,None,83,14
R0052,Medical_Team,Plant_B,14,Deployed,17,2.4,0.5,,44.0,8,0.76,23,High,Online,INC003,85,50
R0053,Safety_Officer,Plant_C,4,Unavailable,13,23.4,0.09,,27.0,3,0.14,84,Low,Online,None,38,76
R0054,Safety_Officer,Hospital_C,2,Available,3,3.9,0.0,,20.1,1,0.74,15,Low,Online,None,50,13
R0055,Rescue_Team,Depot_A,23,Available,20,10.1,0.0,,66.4,17,0.96,85,High,Intermittent,None,0,75
R0056,Medical_Team,Plant_D,13,Available,13,12.0,0.0,,58.3,8,0.93,173,Medium,Intermittent,None,33,95
R0057,Fire_Team,Depot_C,27,Maintenance,15,22.9,0.12,,21.0,25,0.81,135,Low,Online,None,100,57
R0058,Medical_Team,Depot_C,8,Available,19,23.7,0.0,,92.0,4,0.82,76,Medium,Online,None,93,59
R0059,Rescue_Helicopter,Depot_A,3,Deployed,28,3.3,0.39,61.0,55.3,2,0.65,108,Medium,Intermittent,INC004,3,90
R0060,Rescue_Helicopter,Plant_F,1,Available,15,22.6,0.0,41.2,60.1,1,0.76,61,Critical,Online,None,89,78
R0061,Ambulance,Plant_F,7,Available,7,21.1,0.0,59.4,50.0,5,0.83,18,Low,Online,None,97,83
R0062,Fire_Team,Plant_D,17,Available,15,1.4,0.0,,73.3,13,0.9,104,Critical,Online,None,19,86
R0063,Foam_Unit,Hospital_C,5,Deployed,9,23.1,0.06,96.9,95.6,3,0.69,56,High,Online,INC001,31,11
R0064,Fire_Team,Plant_H,18,Available,7,3.4,0.0,,72.7,13,0.87,97,Medium,Online,None,19,62
R0065,Spill_Response,Hospital_C,6,Deployed,9,22.1,0.49,,23.3,5,0.57,93,Medium,Online,INC004,47,19
R0066,Evacuation_Bus,Plant_C,40,Available,32,5.6,0.0,23.8,99.0,24,0.86,19,Low,Online,None,53,80
R0067,Ambulance,Hospital_C,8,Available,8,16.3,0.0,39.3,81.6,7,0.56,72,Critical,Intermittent,None,45,6
R0068,Foam_Unit,Plant_G,4,Deployed,18,15.3,0.15,25.9,65.4,2,0.9,35,Critical,Online,INC001,42,38
R0069,Rescue_Team,Depot_B,18,Unavailable,13,22.2,0.21,,97.3,9,0.31,20,Critical,Online,None,51,77
R0070,Evacuation_Bus,Depot_B,30,Maintenance,11,12.0,0.14,57.2,87.6,18,0.92,23,Critical,Online,None,58,85
R0071,Foam_Unit,Plant_D,12,Available,9,2.1,0.0,68.0,71.7,11,0.68,52,Critical,Online,None,28,89
R0072,Spill_Response,Hospital_C,16,Available,23,22.2,0.0,,70.5,8,0.86,37,Critical,Online,None,33,6
R0073,Mobile_Command,Plant_D,5,Maintenance,30,15.2,0.25,,46.7,2,0.6,94,Critical,Online,None,22,93
R0074,Foam_Unit,Plant_E,5,Deployed,19,8.3,0.66,78.7,53.6,4,0.61,41,Critical,Online,INC001,75,24
R0075,Medical_Team,Plant_H,4,Available,16,19.5,0.0,,28.6,2,0.86,47,Low,Online,None,14,52
R0076,Hazmat_Team,Hospital_C,18,Deployed,9,23.3,0.14,,60.2,11,0.67,68,Low,Online,INC002,50,11
R0077,Evacuation_Bus,Plant_E,27,Deployed,35,14.5,0.69,51.5,78.9,14,0.93,28,Low,Online,INC001,61,12
R0078,Spill_Response,Depot_A,4,Unavailable,20,19.4,0.11,,58.7,3,0.05,40,Critical,Online,None,0,89
R0079,Ambulance,Plant_C,8,Deployed,5,14.7,0.49,26.1,96.9,7,0.69,5,Low,Online,INC004,36,79
R0080,Rescue_Team,Plant_B,21,Unavailable,17,23.5,0.24,,82.6,12,0.07,138,Critical,Online,None,86,40
R0081,Water_Tanker,Hospital_A,13,Deployed,15,22.1,0.1,84.0,99.7,7,0.94,168,High,Online,INC003,23,32
R0082,Evacuation_Bus,Depot_B,29,Available,14,2.8,0.0,33.1,37.5,22,0.84,28,Low,Online,None,70,92
R0083,Mobile_Command,Plant_H,4,Deployed,22,23.6,0.79,,41.3,2,0.91,92,Low,Online,INC004,5,50
R0084,Medical_Team,Depot_A,9,Available,11,10.8,0.0,,42.6,7,0.87,102,Medium,Online,None,6,90
R0085,Rescue_Team,Depot_A,14,Available,19,6.5,0.0,,82.1,10,0.58,62,Critical,Online,None,7,74
R0086,Safety_Officer,Plant_A,5,Available,13,19.8,0.0,,98.9,2,0.71,28,Medium,Online,None,1,18
R0087,Rescue_Team,Depot_C,24,Available,11,23.3,0.0,,23.1,23,0.88,155,Critical,Online,None,86,47
R0088,Rescue_Helicopter,Plant_B,4,Unavailable,34,23.5,0.08,58.9,64.4,3,0.0,107,Medium,Online,None,71,34
R0089,Evacuation_Bus,Hospital_D,16,Available,27,11.7,0.0,27.5,58.2,12,0.74,77,Medium,Online,None,84,24
R0090,Fire_Team,Plant_H,29,Deployed,4,19.3,0.24,,87.3,18,0.7,144,Low,Online,INC003,24,50
R0091,Rescue_Helicopter,Plant_A,4,Deployed,40,2.5,0.69,50.1,81.8,2,0.58,134,Medium,Online,INC003,2,22
R0092,Rescue_Helicopter,Hospital_B,4,Deployed,36,18.8,0.42,41.7,42.5,3,0.65,26,High,Online,INC003,74,66
R0093,Rescue_Helicopter,Plant_D,3,Available,30,6.9,0.0,18.0,32.2,1,0.56,168,Low,Online,None,16,82
R0094,Rescue_Helicopter,Hospital_B,4,Deployed,17,22.1,0.47,66.9,25.7,2,0.98,130,Critical,Online,INC002,85,69
R0095,Evacuation_Bus,Hospital_D,27,Deployed,15,15.0,0.29,42.5,78.6,13,0.64,123,Critical,Online,INC001,86,24
R0096,Spill_Response,Plant_A,16,Available,18,14.6,0.0,,95.2,13,0.67,117,Low,Online,None,13,30
R0097,Rescue_Team,Plant_D,9,Available,18,15.3,0.0,,91.7,8,0.9,137,Medium,Online,None,17,82
R0098,Evacuation_Bus,Plant_F,31,Available,15,9.2,0.0,28.7,74.3,20,1.0,147,High,Online,None,89,75
R0099,Mobile_Command,Hospital_C,2,Available,12,21.2,0.0,,84.2,1,0.88,125,High,Online,None,38,25
R0100,Fire_Team,Plant_G,26,Unavailable,16,10.9,0.05,,44.8,18,0.24,104,Low,Online,None,54,50
R0101,Spill_Response,Hospital_C,12,Maintenance,8,1.7,0.12,,77.2,10,0.69,140,Low,Online,None,38,15
R0102,Fire_Team,Plant_F,16,Available,6,14.7,0.0,,75.1,13,0.63,49,Low,Online,None,95,82
R0103,Evacuation_Bus,Plant_F,13,Available,14,9.8,0.0,23.4,26.7,10,0.87,59,Medium,Online,None,96,65
R0104,Ambulance,Hospital_D,2,Available,4,11.1,0.0,24.4,29.8,1,0.66,172,Critical,Online,None,83,20
R0105,Rescue_Helicopter,Hospital_A,3,Available,40,20.2,0.0,71.2,50.5,2,0.59,79,Medium,Online,None,17,36
R0106,Hazmat_Team,Depot_C,15,Available,14,17.9,0.0,,40.1,12,0.74,144,Low,Online,None,97,44
R0107,Evacuation_Bus,Plant_D,30,Unavailable,12,0.9,0.07,81.7,71.5,18,0.32,103,Medium,Online,None,16,81
R0108,Safety_Officer,Hospital_D,3,Available,8,9.7,0.0,,99.8,2,0.98,93,Low,Online,None,79,10
R0109,Fire_Team,Plant_D,24,Available,7,4.7,0.0,,31.8,15,0.9,158,Critical,Online,None,33,92
R0110,Safety_Officer,Depot_B,6,Available,3,14.1,0.0,,77.9,4,0.77,16,High,Online,None,69,91
R0111,Safety_Officer,Plant_D,2,Deployed,8,11.1,0.94,,66.6,1,0.76,30,High,Online,None,29,90
R0112,Ambulance,Plant_H,7,Maintenance,6,6.5,0.11,94.9,85.9,3,0.96,163,High,Online,None,6,63
R0113,Fire_Team,Plant_B,9,Deployed,5,2.9,0.68,,84.6,5,0.7,99,Critical,Online,INC004,84,50
R0114,Evacuation_Bus,Depot_A,19,Available,31,6.8,0.0,42.3,34.1,13,0.86,174,Medium,Online,None,3,85
R0115,Evacuation_Bus,Hospital_C,27,Deployed,10,2.6,0.49,24.3,63.4,23,0.66,139,High,Online,None,33,11
R0116,Rescue_Helicopter,Depot_C,2,Unavailable,23,14.9,0.08,18.6,81.0,1,0.01,24,Critical,Online,None,97,46
R0117,Ambulance,Hospital_A,7,Available,5,18.4,0.0,84.3,50.7,5,0.91,46,Low,Online,None,17,20
R0118,Spill_Response,Plant_G,6,Available,13,3.2,0.0,,67.8,3,0.77,156,High,Online,None,51,48
R0119,Hazmat_Team,Plant_C,18,Available,25,23.5,0.0,,94.5,13,0.95,134,Critical,Online,None,48,65
R0120,Fire_Team,Hospital_D,25,Deployed,9,16.3,0.25,,68.2,14,0.7,34,High,Offline,INC005,83,13
R0121,Fire_Team,Hospital_D,30,Maintenance,11,18.8,0.19,,45.7,28,0.79,124,Critical,Online,None,83,20
R0122,Safety_Officer,Depot_B,3,Deployed,9,23.3,0.58,,35.0,2,0.81,43,High,Online,INC005,61,84
R0123,Evacuation_Bus,Hospital_D,33,Maintenance,29,13.0,0.1,71.4,57.3,16,0.81,3,Critical,Intermittent,None,78,30
R0124,Water_Tanker,Plant_E,23,Available,22,16.2,0.0,77.2,69.3,15,0.7,12,Critical,Online,None,68,14
R0125,Water_Tanker,Depot_B,23,Available,22,10.4,0.0,90.8,85.9,11,0.89,81,Low,Online,None,58,76
R0126,Safety_Officer,Plant_E,4,Available,14,18.1,0.0,,35.9,3,0.9,89,Low,Online,None,69,20
R0127,Medical_Team,Plant_G,9,Available,12,19.6,0.0,,46.1,6,0.73,111,Low,Intermittent,None,44,50
R0128,Evacuation_Bus,Depot_A,22,Deployed,35,12.6,0.17,44.9,58.9,13,0.81,99,High,Online,INC003,6,76
R0129,Medical_Team,Hospital_B,5,Available,16,8.7,0.0,,52.2,3,0.78,125,Medium,Online,None,65,65
R0130,Spill_Response,Plant_H,12,Available,12,15.1,0.0,,96.9,10,0.65,175,Medium,Online,None,25,65
R0131,Medical_Team,Plant_C,5,Available,14,19.4,0.0,,88.6,4,0.67,175,Critical,Online,None,38,62
R0132,Rescue_Helicopter,Depot_C,2,Available,21,1.9,0.0,34.5,88.9,1,0.9,168,Medium,Online,None,97,46
R0133,Water_Tanker,Plant_F,17,Available,26,16.3,0.0,56.7,25.1,11,0.92,108,High,Online,None,99,84
R0134,Foam_Unit,Plant_G,3,Available,13,2.5,0.0,72.9,85.3,2,0.73,108,High,Online,None,48,55
R0135,Rescue_Helicopter,Plant_H,4,Available,32,19.6,0.0,91.3,30.0,2,0.82,162,Critical,Online,None,13,53
R0136,Ambulance,Plant_B,7,Available,16,17.8,0.0,19.8,87.1,4,0.95,161,Critical,Online,None,88,49
R0137,Spill_Response,Depot_A,6,Unavailable,25,7.8,0.14,,35.6,4,0.23,103,Low,Online,None,0,77
R0138,Evacuation_Bus,Hospital_A,22,Available,32,5.6,0.0,40.9,96.3,13,0.83,4,Low,Intermittent,None,22,27
R0139,Safety_Officer,Plant_G,6,Maintenance,11,6.0,0.0,,44.9,5,0.9,23,Medium,Online,None,44,36
R0140,Evacuation_Bus,Plant_A,19,Unavailable,16,10.0,0.12,17.7,38.3,11,0.23,58,Low,Online,None,13,25
R0141,Foam_Unit,Plant_A,6,Maintenance,9,17.2,0.03,36.5,44.5,4,0.61,125,Critical,Online,None,4,18
R0142,Hazmat_Team,Plant_F,12,Unavailable,17,18.6,0.11,,98.2,6,0.02,167,Medium,Online,None,93,69
R0143,Water_Tanker,Hospital_B,11,Available,24,20.9,0.0,66.7,71.0,6,0.66,40,Low,Online,None,70,74
R0144,Rescue_Helicopter,Depot_A,1,Available,29,19.4,0.0,59.8,77.9,1,0.94,49,Critical,Online,None,14,88
R0145,Ambulance,Hospital_A,4,Available,13,3.5,0.0,20.1,35.1,2,0.81,75,Medium,Online,None,28,36
R0146,Evacuation_Bus,Hospital_B,50,Unavailable,15,15.8,0.05,93.6,97.2,34,0.29,116,Critical,Online,None,72,74
R0147,Ambulance,Hospital_A,7,Available,10,9.7,0.0,28.5,97.2,6,0.58,108,Medium,Online,None,22,38
R0148,Rescue_Team,Plant_B,9,Deployed,21,11.5,0.1,,33.9,8,0.83,80,Critical,Online,None,83,43
R0149,Water_Tanker,Hospital_D,16,Available,15,21.3,0.0,98.5,49.0,13,0.95,2,Low,Online,None,87,15
R0150,Rescue_Team,Plant_A,13,Available,14,18.9,0.0,,80.4,11,0.97,148,Critical,Online,None,19,15
R0151,Ambulance,Hospital_B,2,Deployed,13,14.3,0.29,19.9,26.6,1,0.83,82,Critical,Online,INC001,72,55
R0152,Spill_Response,Hospital_D,12,Available,7,12.2,0.0,,46.3,9,0.92,121,Low,Online,None,85,29
R0153,Rescue_Team,Hospital_A,24,Deployed,11,22.5,0.37,,24.9,23,0.78,69,Critical,Online,INC001,13,35
R0154,Medical_Team,Plant_A,15,Available,9,17.8,0.0,,24.1,9,0.94,159,Low,Intermittent,None,13,18
R0155,Rescue_Helicopter,Plant_D,4,Deployed,36,4.5,0.39,83.8,25.4,2,0.67,46,Critical,Online,INC002,26,78
R0156,Safety_Officer,Plant_C,2,Maintenance,4,7.4,0.15,,98.1,1,0.96,67,Critical,Online,None,48,78
R0157,Safety_Officer,Depot_B,1,Available,4,13.1,0.0,,91.7,1,0.58,176,Medium,Online,None,55,85
R0158,Medical_Team,Hospital_C,5,Deployed,17,14.0,0.78,,42.8,2,0.91,21,Critical,Offline,INC004,38,19
R0159,Ambulance,Plant_F,6,Available,4,24.2,0.0,97.8,80.0,5,0.98,145,High,Online,None,81,84
R0160,Hazmat_Team,Plant_H,10,Maintenance,5,9.5,0.08,,30.3,6,0.86,172,High,Online,None,7,53
R0161,Ambulance,Depot_A,3,Deployed,16,17.8,0.08,48.8,24.9,2,0.82,115,Medium,Online,INC005,4,76
R0162,Ambulance,Hospital_B,5,Unavailable,11,1.5,0.24,56.0,85.0,4,0.04,49,High,Offline,None,85,68
R0163,Medical_Team,Plant_H,13,Deployed,17,23.2,0.57,,74.3,10,0.59,65,High,Online,None,21,61
R0164,Foam_Unit,Plant_B,6,Available,17,1.6,0.0,93.9,27.7,3,0.83,13,Critical,Online,None,85,35
R0165,Fire_Team,Plant_H,29,Unavailable,17,13.2,0.12,,81.2,17,0.39,106,High,Online,None,20,48
R0166,Rescue_Helicopter,Plant_H,4,Unavailable,18,18.2,0.22,37.4,54.7,2,0.25,64,Low,Online,None,10,50
R0167,Foam_Unit,Hospital_A,7,Available,7,24.1,0.0,48.8,76.5,5,0.63,140,Critical,Online,None,29,24
R0168,Hazmat_Team,Hospital_B,16,Deployed,14,9.6,0.82,,26.1,8,0.62,51,Medium,Online,INC003,77,55
R0169,Water_Tanker,Plant_D,8,Deployed,16,1.4,0.74,65.3,91.4,7,0.65,122,Medium,Online,None,23,95
R0170,Medical_Team,Depot_A,9,Available,5,19.0,0.0,,66.5,7,0.75,52,Medium,Online,None,0,83
R0171,Water_Tanker,Plant_B,19,Available,11,18.8,0.0,82.7,66.6,16,0.6,153,Critical,Online,None,77,36
R0172,Medical_Team,Plant_G,12,Deployed,15,11.0,0.73,,81.9,7,0.95,12,High,Online,INC004,45,35
R0173,Medical_Team,Plant_H,9,Deployed,4,1.0,0.5,,20.7,4,0.94,31,Medium,Online,INC001,13,46
R0174,Evacuation_Bus,Hospital_C,36,Maintenance,23,9.3,0.09,97.1,66.8,31,0.69,62,Low,Online,None,40,5
R0175,Water_Tanker,Plant_B,11,Deployed,23,3.0,0.78,99.7,24.9,10,0.81,141,Medium,Online,INC002,74,49
R0176,Water_Tanker,Hospital_A,17,Maintenance,11,0.3,0.16,70.4,59.3,16,0.72,92,Medium,Online,None,11,29
R0177,Evacuation_Bus,Plant_D,36,Available,15,24.1,0.0,15.6,34.1,21,0.81,137,Medium,Online,None,29,86
R0178,Hazmat_Team,Plant_E,13,Deployed,11,12.3,0.57,,58.2,11,0.89,136,Low,Intermittent,INC003,57,19
R0179,Evacuation_Bus,Depot_A,39,Available,13,3.5,0.0,68.1,75.6,29,0.57,161,Low,Online,None,12,81
R0180,Spill_Response,Hospital_D,11,Deployed,25,1.7,0.88,,64.1,10,0.96,144,Critical,Online,None,92,16
R0181,Water_Tanker,Hospital_B,19,Available,13,1.5,0.0,76.9,97.0,11,0.82,94,Low,Online,None,66,69
R0182,Evacuation_Bus,Depot_B,42,Available,11,4.0,0.0,37.0,58.8,22,0.66,100,High,Online,None,58,79
R0183,Evacuation_Bus,Depot_B,36,Available,24,14.4,0.0,93.7,70.6,29,0.82,44,Critical,Online,None,56,94
R0184,Evacuation_Bus,Plant_C,37,Available,35,9.2,0.0,41.5,85.7,25,0.66,66,High,Online,None,43,66
R0185,Evacuation_Bus,Plant_D,42,Available,28,8.5,0.0,34.3,86.6,40,0.65,65,Critical,Online,None,28,89
R0186,Spill_Response,Plant_E,10,Available,15,15.6,0.0,,46.0,7,0.9,118,Medium,Online,None,73,14
R0187,Hazmat_Team,Depot_B,5,Deployed,24,14.1,0.88,,97.7,4,0.9,112,Medium,Online,INC002,52,92
R0188,Rescue_Helicopter,Hospital_B,1,Unavailable,31,2.2,0.22,95.1,52.7,1,0.25,135,High,Online,None,65,63
R0189,Hazmat_Team,Depot_C,16,Available,11,18.7,0.0,,90.1,10,0.7,138,Critical,Online,None,97,50
R0190,Spill_Response,Hospital_B,14,Available,8,17.8,0.0,,61.2,13,0.84,173,Medium,Online,None,71,72
R0191,Rescue_Team,Hospital_C,20,Deployed,5,10.4,0.83,,21.9,10,0.84,4,Critical,Online,INC004,34,6
R0192,Medical_Team,Hospital_B,6,Available,4,6.7,0.0,,79.0,5,0.92,26,High,Online,None,76,56
R0193,Hazmat_Team,Hospital_D,18,Deployed,5,7.3,0.94,,80.8,10,0.68,26,Low,Online,INC002,95,12
R0194,Mobile_Command,Depot_A,4,Available,25,5.5,0.0,,34.9,2,0.59,2,Low,Intermittent,None,15,78
R0195,Spill_Response,Plant_E,7,Available,13,18.6,0.0,,54.8,6,0.75,106,Critical,Online,None,65,19
R0196,Ambulance,Hospital_C,4,Available,5,1.5,0.0,90.9,78.5,3,0.98,38,Medium,Online,None,48,10
R0197,Rescue_Helicopter,Plant_H,2,Available,39,24.2,0.0,66.5,32.7,1,0.8,138,High,Online,None,25,52
R0198,Fire_Team,Plant_H,12,Available,15,2.8,0.0,,45.1,11,0.89,129,Critical,Online,None,16,46
R0199,Fire_Team,Depot_C,18,Available,9,16.5,0.0,,63.8,11,0.86,39,Medium,Intermittent,None,89,44
R0200,Ambulance,Plant_H,7,Available,16,9.6,0.0,95.1,36.7,4,0.58,132,Low,Online,None,6,56
R0201,Hazmat_Team,Plant_G,4,Maintenance,20,8.9,0.16,,54.7,3,0.63,1,Critical,Online,None,47,54
R0202,Water_Tanker,Hospital_C,17,Deployed,7,4.3,0.8,27.0,51.0,11,0.59,85,Low,Online,INC001,40,22
R0203,Rescue_Team,Plant_E,6,Unavailable,17,24.9,0.23,,83.5,3,0.13,29,High,Online,None,70,18
R0204,Hazmat_Team,Depot_B,9,Deployed,23,15.1,0.11,,22.0,4,0.81,130,High,Offline,INC005,59,81
R0205,Mobile_Command,Plant_F,1,Available,16,13.5,0.0,,39.6,1,0.77,15,Medium,Online,None,100,67
R0206,Water_Tanker,Plant_D,10,Available,9,10.4,0.0,93.7,59.1,8,0.74,8,Low,Online,None,25,80
R0207,Spill_Response,Plant_A,10,Available,6,16.7,0.0,,59.8,5,0.64,7,Medium,Online,None,13,16
R0208,Evacuation_Bus,Plant_B,50,Available,13,16.0,0.0,23.9,91.4,49,0.97,143,Medium,Online,None,89,49
R0209,Medical_Team,Hospital_B,9,Available,8,16.4,0.0,,67.7,6,0.93,170,Low,Online,None,74,60
R0210,Rescue_Team,Depot_A,9,Deployed,4,4.6,0.38,,95.9,7,0.78,140,High,Online,INC004,11,87
R0211,Water_Tanker,Plant_H,22,Available,18,10.0,0.0,47.1,73.4,19,0.94,91,High,Online,None,12,52
R0212,Spill_Response,Hospital_A,4,Deployed,10,1.6,0.85,,38.3,2,0.88,13,Low,Online,INC004,29,23
R0213,Foam_Unit,Depot_A,4,Available,8,8.9,0.0,70.0,44.6,2,0.91,77,Medium,Online,None,10,90
R0214,Ambulance,Hospital_B,3,Deployed,14,6.3,0.08,27.9,92.4,1,0.57,127,High,Online,INC005,67,66
R0215,Medical_Team,Plant_C,5,Unavailable,19,9.3,0.23,,20.9,4,0.14,75,High,Online,None,51,62
R0216,Hazmat_Team,Plant_B,18,Deployed,10,6.8,0.14,,36.7,17,0.73,111,High,Intermittent,INC002,76,39
R0217,Evacuation_Bus,Depot_B,32,Maintenance,30,8.4,0.05,41.8,90.1,23,0.73,101,High,Online,None,51,75
R0218,Medical_Team,Plant_A,10,Available,8,0.9,0.0,,71.7,7,0.9,171,High,Online,None,20,14
R0219,Fire_Team,Hospital_B,20,Available,11,14.0,0.0,,44.5,12,0.58,99,Low,Online,None,67,57
R0220,Foam_Unit,Plant_G,4,Available,8,24.2,0.0,65.8,73.4,3,0.86,7,Medium,Online,None,47,48
R0221,Foam_Unit,Plant_F,6,Maintenance,15,6.3,0.18,23.9,29.9,5,0.84,147,Low,Online,None,91,79
R0222,Rescue_Helicopter,Plant_F,3,Available,40,7.1,0.0,58.5,72.3,1,0.89,45,High,Online,None,86,80
R0223,Fire_Team,Depot_C,25,Deployed,7,18.7,0.24,,60.3,13,0.77,73,High,Online,INC003,96,60
R0224,Safety_Officer,Plant_B,6,Available,9,14.8,0.0,,41.6,4,0.91,133,Critical,Online,None,84,47
R0225,Foam_Unit,Depot_C,8,Unavailable,21,12.7,0.06,64.4,40.9,4,0.32,21,Low,Online,None,100,49
R0226,Hazmat_Team,Depot_B,12,Available,23,2.6,0.0,,96.7,6,0.97,89,Low,Online,None,58,92
R0227,Rescue_Helicopter,Depot_C,1,Available,18,10.7,0.0,94.3,97.1,1,0.6,152,Low,Online,None,96,49
R0228,Foam_Unit,Plant_F,4,Available,13,12.6,0.0,71.0,71.9,3,0.63,4,High,Online,None,85,72
R0229,Fire_Team,Hospital_D,18,Maintenance,4,19.7,0.15,,90.2,9,0.87,110,Medium,Intermittent,None,83,17
R0230,Hazmat_Team,Plant_F,14,Maintenance,16,1.2,0.06,,20.6,7,0.71,43,Low,Online,None,82,68
R0231,Water_Tanker,Hospital_C,23,Available,12,7.6,0.0,81.7,90.9,17,0.89,87,High,Intermittent,None,50,23
R0232,Ambulance,Hospital_C,5,Maintenance,6,15.1,0.14,88.6,44.9,4,0.56,91,Medium,Online,None,46,25
R0233,Fire_Team,Depot_A,24,Available,3,7.0,0.0,,62.6,21,0.82,151,Low,Online,None,4,85
R0234,Water_Tanker,Plant_A,23,Available,13,11.6,0.0,98.3,44.3,16,0.89,146,Medium,Online,None,0,17
R0235,Water_Tanker,Plant_E,14,Deployed,26,4.8,0.57,86.6,83.5,7,0.83,57,Medium,Online,INC001,56,16
R0236,Safety_Officer,Depot_B,3,Deployed,3,9.4,0.77,,86.2,1,0.9,69,Low,Online,INC004,64,85
R0237,Foam_Unit,Plant_B,11,Available,11,13.8,0.0,73.8,89.7,10,0.78,127,High,Online,None,73,50
R0238,Ambulance,Plant_C,8,Available,5,8.4,0.0,57.7,84.8,7,0.83,31,High,Online,None,46,61
R0239,Safety_Officer,Plant_C,5,Deployed,6,17.2,0.36,,59.3,3,0.7,66,Low,Online,INC003,52,75
R0240,Safety_Officer,Plant_D,3,Available,7,16.6,0.0,,68.7,1,0.89,106,Critical,Online,None,17,75
R0241,Ambulance,Plant_H,8,Unavailable,6,17.4,0.16,16.8,76.0,4,0.27,170,High,Online,None,17,47
R0242,Evacuation_Bus,Plant_F,47,Deployed,27,11.1,0.52,51.4,43.9,35,0.83,39,Critical,Online,INC005,96,78
R0243,Evacuation_Bus,Hospital_A,40,Unavailable,12,22.9,0.02,84.6,90.5,35,0.36,94,Medium,Online,None,29,20
R0244,Ambulance,Depot_B,2,Available,7,13.3,0.0,42.5,41.5,1,0.96,47,Medium,Online,None,52,81
R0245,Fire_Team,Plant_F,23,Maintenance,14,7.0,0.06,,76.4,19,0.61,36,Low,Online,None,95,67
R0246,Spill_Response,Depot_A,4,Available,12,21.9,0.0,,55.2,3,0.64,51,Medium,Online,None,6,78
R0247,Rescue_Team,Depot_C,18,Available,8,21.7,0.0,,97.3,17,0.83,172,Low,Online,None,93,58
R0248,Water_Tanker,Plant_F,14,Available,6,22.2,0.0,40.4,27.1,12,0.93,86,High,Online,None,99,84
R0249,Foam_Unit,Plant_D,8,Deployed,6,23.6,0.86,40.8,97.2,5,0.57,79,High,Online,INC003,30,94
R0250,Evacuation_Bus,Plant_D,34,Available,18,15.2,0.0,20.2,45.8,20,0.85,132,Critical,Online,None,22,89
R0251,Rescue_Helicopter,Plant_A,2,Unavailable,32,13.1,0.11,84.0,79.1,1,0.08,85,Low,Offline,None,9,20
R0252,Evacuation_Bus,Plant_F,45,Deployed,12,23.6,0.95,91.1,79.5,44,0.65,100,Low,Online,INC005,84,67
R0253,Rescue_Helicopter,Plant_E,1,Available,8,18.0,0.0,59.9,35.9,1,0.83,24,Medium,Online,None,65,23
R0254,Ambulance,Plant_D,3,Deployed,11,7.3,0.74,33.2,64.3,2,0.96,10,Medium,Online,None,24,90
R0255,Mobile_Command,Plant_B,4,Available,21,8.5,0.0,,64.2,2,0.98,44,Critical,Online,None,73,37
R0256,Foam_Unit,Depot_C,6,Available,15,20.3,0.0,53.2,67.0,4,0.83,176,High,Intermittent,None,100,41
R0257,Foam_Unit,Plant_E,8,Deployed,17,18.4,0.71,97.4,70.4,6,0.71,12,Low,Online,INC001,66,19
R0258,Safety_Officer,Hospital_D,1,Deployed,9,11.6,0.95,,40.3,1,0.89,11,Medium,Online,INC003,75,11
R0259,Safety_Officer,Hospital_A,4,Available,8,16.8,0.0,,61.4,2,0.83,18,Critical,Online,None,23,26
R0260,Medical_Team,Hospital_C,4,Unavailable,11,7.3,0.17,,48.6,3,0.15,100,High,Offline,None,36,13
R0261,Medical_Team,Plant_F,4,Deployed,11,6.2,0.48,,33.4,2,0.93,176,Critical,Online,INC003,89,65
R0262,Safety_Officer,Plant_A,5,Available,13,12.7,0.0,,64.2,4,0.77,71,Medium,Online,None,11,19
R0263,Ambulance,Depot_B,3,Available,4,4.6,0.0,69.0,24.2,1,0.56,25,Critical,Online,None,65,82
R0264,Foam_Unit,Plant_G,11,Available,8,15.4,0.0,49.2,55.8,7,0.72,128,Critical,Online,None,54,45
R0265,Rescue_Team,Hospital_D,6,Deployed,12,18.2,0.13,,94.3,3,0.76,49,Low,Online,INC001,83,16
R0266,Spill_Response,Depot_C,4,Unavailable,10,8.2,0.16,,64.1,2,0.13,64,Critical,Online,None,93,42
R0267,Rescue_Helicopter,Depot_C,2,Available,20,20.3,0.0,23.6,82.5,1,0.9,46,Critical,Online,None,100,54
R0268,Rescue_Helicopter,Plant_H,1,Deployed,21,1.6,0.28,75.1,73.8,1,0.69,101,Low,Online,INC001,11,54
R0269,Spill_Response,Plant_E,6,Available,7,20.0,0.0,,21.8,3,0.78,1,Low,Online,None,65,12
R0270,Rescue_Helicopter,Plant_E,1,Available,35,22.1,0.0,19.7,99.2,1,0.87,114,Low,Online,None,75,25
R0271,Mobile_Command,Hospital_A,5,Available,7,10.0,0.0,,69.9,3,0.84,165,Low,Online,None,20,40
R0272,Spill_Response,Plant_G,10,Unavailable,25,3.0,0.05,,44.6,5,0.37,104,Low,Online,None,44,54
R0273,Rescue_Helicopter,Hospital_A,4,Unavailable,24,16.1,0.01,35.9,78.3,2,0.21,26,High,Online,None,28,22
R0274,Evacuation_Bus,Plant_A,34,Available,24,13.2,0.0,73.8,49.8,20,0.75,145,Medium,Online,None,1,29
R0275,Spill_Response,Depot_C,11,Available,10,17.4,0.0,,34.0,10,0.96,169,Medium,Online,None,86,59
R0276,Rescue_Helicopter,Hospital_D,3,Available,12,10.9,0.0,57.1,61.2,1,0.66,31,Medium,Online,None,95,11
R0277,Fire_Team,Plant_B,10,Maintenance,8,24.7,0.2,,92.1,5,0.69,125,Medium,Online,None,73,46
R0278,Rescue_Team,Plant_B,7,Available,16,7.9,0.0,,77.8,4,0.68,45,Critical,Online,None,89,44
R0279,Water_Tanker,Plant_G,22,Available,22,1.0,0.0,99.4,33.0,17,0.88,29,Low,Online,None,53,37
R0280,Foam_Unit,Hospital_A,8,Available,17,16.4,0.0,30.0,91.1,7,0.77,90,High,Online,None,26,35
R0281,Ambulance,Depot_A,7,Available,4,22.0,0.0,67.3,23.0,3,0.84,163,Low,Online,None,2,81
R0282,Fire_Team,Plant_D,10,Available,15,7.2,0.0,,67.2,5,0.8,66,Low,Intermittent,None,25,91
R0283,Rescue_Team,Plant_E,11,Available,15,12.5,0.0,,39.9,10,0.97,28,Low,Online,None,74,22
R0284,Mobile_Command,Plant_E,3,Deployed,16,1.3,0.75,,32.3,2,0.7,135,Low,Online,None,70,19
R0285,Foam_Unit,Hospital_C,8,Unavailable,24,12.5,0.19,73.7,69.9,7,0.21,178,High,Online,None,33,12
R0286,Fire_Team,Plant_E,28,Available,7,23.8,0.0,,91.8,24,0.68,88,Low,Online,None,56,18
R0287,Evacuation_Bus,Hospital_A,20,Available,31,17.5,0.0,98.6,52.5,12,0.76,30,Low,Intermittent,None,13,36
R0288,Fire_Team,Hospital_A,28,Available,17,21.0,0.0,,30.6,18,0.6,14,High,Intermittent,None,19,21
R0289,Rescue_Team,Depot_C,13,Available,7,19.4,0.0,,82.5,10,0.85,114,Critical,Online,None,87,43
R0290,Evacuation_Bus,Plant_E,38,Maintenance,14,15.0,0.01,94.1,94.8,19,0.69,86,High,Online,None,74,9
R0291,Hazmat_Team,Plant_H,14,Available,25,23.7,0.0,,54.6,11,0.61,70,Critical,Online,None,16,53
R0292,Foam_Unit,Depot_C,5,Deployed,10,2.2,0.33,41.5,53.7,3,0.77,138,Low,Online,INC004,94,57
R0293,Rescue_Helicopter,Plant_B,2,Maintenance,18,18.2,0.06,27.3,21.4,1,0.72,60,Critical,Online,None,79,40
R0294,Foam_Unit,Plant_E,3,Unavailable,9,6.0,0.05,89.7,64.1,2,0.35,114,Low,Online,None,69,20
R0295,Hazmat_Team,Hospital_B,18,Unavailable,6,5.7,0.11,,69.3,10,0.38,14,Low,Online,None,81,63
R0296,Ambulance,Plant_D,8,Available,8,16.1,0.0,24.8,38.4,4,0.84,70,Medium,Online,None,24,93
R0297,Spill_Response,Plant_C,10,Available,25,19.3,0.0,,42.5,8,0.88,168,Low,Online,None,45,69
R0298,Fire_Team,Plant_C,17,Deployed,13,18.9,0.73,,36.3,9,0.99,29,Low,Online,INC001,36,79
R0299,Mobile_Command,Depot_B,1,Available,9,24.9,0.0,,49.9,1,0.88,67,Low,Online,None,50,82
R0300,Foam_Unit,Plant_B,11,Available,10,4.3,0.0,38.6,60.2,7,0.85,25,High,Online,None,86,49
R0301,Mobile_Command,Hospital_A,1,Deployed,17,23.9,0.76,,30.4,1,0.67,16,Critical,Online,INC001,14,35
R0302,Medical_Team,Depot_A,13,Available,6,16.9,0.0,,93.7,11,0.9,136,Medium,Online,None,0,80
R0303,Foam_Unit,Hospital_B,2,Available,24,7.9,0.0,76.0,33.6,1,0.71,57,Low,Online,None,68,75
R0304,Foam_Unit,Hospital_A,7,Deployed,8,18.6,0.11,52.5,21.2,4,0.96,22,Medium,Online,INC003,19,23
R0305,Fire_Team,Depot_B,22,Available,5,12.8,0.0,,44.3,14,0.94,96,High,Online,None,67,81
R0306,Mobile_Command,Plant_H,2,Available,14,14.7,0.0,,70.0,1,0.68,121,Medium,Online,None,11,65
R0307,Rescue_Team,Depot_A,25,Deployed,15,15.0,0.91,,35.0,23,0.98,1,Medium,Online,INC003,0,72
R0308,Fire_Team,Plant_D,8,Maintenance,4,3.7,0.04,,82.5,4,0.62,45,High,Online,None,29,94
R0309,Medical_Team,Depot_B,3,Unavailable,18,20.5,0.15,,77.0,2,0.01,108,Critical,Intermittent,None,60,83
R0310,Safety_Officer,Plant_E,1,Available,6,6.9,0.0,,33.5,1,0.83,77,Critical,Online,None,56,24
R0311,Rescue_Team,Depot_B,22,Maintenance,15,21.3,0.17,,97.8,19,0.81,118,High,Online,None,70,95
R0312,Water_Tanker,Plant_E,23,Available,10,13.8,0.0,16.0,67.2,13,0.67,71,High,Online,None,72,12
R0313,Evacuation_Bus,Hospital_D,16,Deployed,30,19.1,0.83,28.8,57.9,10,0.6,28,Low,Online,INC002,79,23
R0314,Mobile_Command,Hospital_C,1,Available,29,19.1,0.0,,28.5,1,0.66,85,Medium,Online,None,46,20
R0315,Evacuation_Bus,Plant_A,38,Available,29,10.7,0.0,33.5,43.4,34,0.92,2,Medium,Online,None,5,14
R0316,Rescue_Helicopter,Plant_F,2,Unavailable,26,3.5,0.03,59.9,61.0,1,0.05,141,Low,Online,None,89,70
R0317,Hazmat_Team,Hospital_A,4,Deployed,14,15.5,0.85,,29.2,2,0.87,134,Low,Online,INC005,26,40
R0318,Hazmat_Team,Hospital_A,12,Available,18,14.5,0.0,,42.6,8,0.58,15,High,Online,None,14,40
R0319,Evacuation_Bus,Depot_B,37,Available,26,18.8,0.0,18.1,65.7,26,0.79,104,High,Online,None,67,81
R0320,Ambulance,Plant_C,8,Available,14,9.9,0.0,22.9,85.8,6,0.62,162,Critical,Online,None,46,72
R0321,Ambulance,Plant_B,5,Available,4,22.9,0.0,53.1,21.2,4,0.95,45,High,Online,None,76,39
R0322,Mobile_Command,Plant_A,3,Deployed,8,1.9,0.42,,77.8,2,0.85,28,High,Online,INC004,11,11
R0323,Rescue_Helicopter,Plant_F,4,Available,11,11.0,0.0,75.7,71.3,3,0.86,40,High,Online,None,81,81
R0324,Evacuation_Bus,Depot_B,22,Maintenance,10,16.8,0.15,54.6,59.9,17,0.57,116,Medium,Online,None,62,75
R0325,Water_Tanker,Hospital_C,13,Available,22,15.5,0.0,78.0,87.7,7,0.97,21,Critical,Online,None,47,15
R0326,Fire_Team,Plant_E,29,Available,14,22.1,0.0,,25.8,25,0.9,174,Critical,Online,None,73,14
R0327,Fire_Team,Hospital_B,18,Available,7,21.9,0.0,,82.9,13,0.6,100,Medium,Online,None,76,73
R0328,Evacuation_Bus,Depot_C,18,Available,13,18.9,0.0,53.0,60.9,17,0.67,21,High,Online,None,87,53
R0329,Mobile_Command,Plant_G,1,Available,28,20.2,0.0,,62.3,1,0.88,127,Low,Intermittent,None,43,40
R0330,Foam_Unit,Plant_F,11,Available,23,17.9,0.0,57.2,73.1,10,0.87,103,High,Online,None,80,76
R0331,Rescue_Team,Plant_E,16,Available,17,6.4,0.0,,62.3,11,0.95,119,Medium,Online,None,70,18
R0332,Rescue_Helicopter,Plant_E,2,Available,23,22.7,0.0,37.6,26.0,1,0.97,22,Critical,Intermittent,None,58,5
R0333,Evacuation_Bus,Plant_A,21,Available,27,5.4,0.0,73.6,97.6,20,0.74,139,High,Intermittent,None,10,21
R0334,Foam_Unit,Depot_C,10,Deployed,16,20.2,0.49,46.7,38.0,7,0.82,76,Low,Intermittent,INC004,90,42
R0335,Water_Tanker,Plant_A,11,Deployed,19,19.0,0.09,19.4,54.9,9,0.56,153,Critical,Online,INC004,15,17
R0336,Rescue_Helicopter,Plant_F,3,Available,27,11.2,0.0,84.3,36.1,1,0.91,142,High,Online,None,91,74
R0337,Rescue_Team,Plant_C,11,Unavailable,17,5.2,0.0,,55.2,6,0.36,37,Critical,Online,None,52,74
R0338,Fire_Team,Depot_C,19,Unavailable,5,19.3,0.07,,49.4,9,0.12,173,Medium,Online,None,100,58
R0339,Ambulance,Plant_D,8,Available,6,14.0,0.0,87.9,74.2,6,0.69,33,Medium,Online,None,33,78
R0340,Evacuation_Bus,Hospital_D,38,Deployed,32,10.2,0.43,58.0,63.2,31,0.7,88,High,Online,INC005,78,13
R0341,Water_Tanker,Depot_C,18,Available,7,1.7,0.0,50.5,62.8,11,0.81,20,Critical,Online,None,91,54
R0342,Safety_Officer,Plant_C,1,Available,14,24.2,0.0,,66.9,1,0.68,159,Medium,Online,None,44,65
R0343,Foam_Unit,Plant_D,6,Available,22,8.7,0.0,53.5,94.9,4,0.68,40,Critical,Online,None,22,78
R0344,Fire_Team,Plant_H,13,Unavailable,15,21.4,0.15,,73.1,8,0.33,38,Critical,Online,None,5,59
R0345,Evacuation_Bus,Hospital_D,22,Available,32,6.8,0.0,77.2,88.6,19,0.57,18,Medium,Intermittent,None,79,23
R0346,Fire_Team,Hospital_B,11,Unavailable,3,21.4,0.07,,73.4,8,0.07,176,Critical,Offline,None,71,71
R0347,Safety_Officer,Plant_B,5,Available,5,0.2,0.0,,66.3,2,0.86,22,Critical,Online,None,74,33
R0348,Foam_Unit,Plant_C,10,Available,10,4.3,0.0,70.6,52.9,5,0.99,161,High,Online,None,47,69
R0349,Evacuation_Bus,Depot_A,39,Available,34,24.3,0.0,52.9,82.8,24,0.82,173,High,Online,None,15,83
R0350,Rescue_Team,Depot_A,11,Available,4,13.9,0.0,,61.6,6,0.87,33,Critical,Online,None,0,72
R0351,Spill_Response,Depot_A,9,Available,19,7.1,0.0,,42.0,5,0.69,91,Low,Online,None,4,72
R0352,Ambulance,Depot_C,5,Available,4,18.6,0.0,29.6,65.5,4,0.59,126,Low,Online,None,85,48
R0353,Water_Tanker,Hospital_D,15,Available,16,1.2,0.0,78.1,73.6,13,0.8,130,Critical,Online,None,82,29
R0354,Safety_Officer,Hospital_D,5,Maintenance,5,23.1,0.09,,45.4,3,0.83,160,Critical,Online,None,89,16
R0355,Safety_Officer,Depot_C,4,Available,9,4.3,0.0,,87.6,3,0.81,26,Critical,Intermittent,None,100,45
R0356,Rescue_Helicopter,Hospital_A,4,Available,16,17.6,0.0,31.4,49.4,2,0.95,70,Critical,Intermittent,None,18,21
R0357,Foam_Unit,Plant_C,4,Deployed,8,21.1,0.61,49.0,78.6,3,0.79,96,Critical,Online,INC001,36,78
R0358,Water_Tanker,Plant_C,13,Deployed,6,14.7,0.74,34.0,26.4,8,0.99,106,Medium,Online,INC002,41,62
R0359,Mobile_Command,Hospital_C,3,Available,18,9.3,0.0,,40.8,2,0.61,144,Medium,Online,None,42,21
R0360,Evacuation_Bus,Hospital_C,12,Available,35,1.6,0.0,87.3,28.2,8,0.74,29,Critical,Online,None,42,19
R0361,Medical_Team,Plant_F,4,Unavailable,4,13.9,0.04,,77.3,3,0.35,129,Low,Online,None,80,68
R0362,Water_Tanker,Plant_H,23,Unavailable,17,21.1,0.15,37.7,48.8,20,0.05,170,Critical,Online,None,20,59
R0363,Medical_Team,Plant_H,12,Deployed,18,22.2,0.37,,26.9,9,0.77,39,High,Intermittent,INC001,22,46
R0364,Water_Tanker,Plant_D,11,Available,25,24.1,0.0,27.3,65.9,8,0.84,44,Low,Online,None,19,80
R0365,Ambulance,Plant_H,7,Available,15,1.5,0.0,99.6,55.1,4,0.63,38,Low,Online,None,16,51
R0366,Water_Tanker,Hospital_C,7,Available,19,6.2,0.0,76.4,75.1,5,0.97,104,Medium,Online,None,43,7
R0367,Spill_Response,Hospital_B,14,Maintenance,14,20.3,0.08,,26.3,9,0.71,97,Critical,Online,None,81,60
R0368,Mobile_Command,Depot_B,3,Available,25,6.5,0.0,,28.6,2,0.91,29,Medium,Online,None,59,91
R0369,Rescue_Helicopter,Plant_B,2,Available,33,1.4,0.0,27.3,27.4,1,0.9,143,Medium,Online,None,86,34
R0370,Medical_Team,Plant_G,15,Deployed,19,10.8,0.26,,33.6,8,0.59,109,Low,Online,INC003,59,41
R0371,Safety_Officer,Plant_F,3,Available,8,19.4,0.0,,74.0,1,0.65,43,High,Online,None,88,74
R0372,Evacuation_Bus,Hospital_D,29,Available,33,1.1,0.0,75.9,31.1,14,0.67,98,High,Online,None,79,20
R0373,Medical_Team,Depot_A,10,Unavailable,13,24.8,0.08,,95.3,8,0.24,139,High,Intermittent,None,7,81
R0374,Rescue_Team,Plant_G,21,Available,12,7.1,0.0,,50.9,14,0.68,135,Medium,Offline,None,55,41
R0375,Rescue_Team,Depot_B,6,Available,19,24.5,0.0,,75.6,4,0.83,172,Low,Online,None,70,80
R0376,Medical_Team,Plant_B,13,Available,5,21.8,0.0,,54.7,12,0.66,179,Medium,Online,None,72,37
R0377,Foam_Unit,Plant_B,12,Deployed,20,24.2,0.77,80.0,70.0,10,0.7,95,High,Online,INC003,75,50
R0378,Hazmat_Team,Depot_A,5,Unavailable,9,4.7,0.06,,75.4,2,0.2,74,Medium,Online,None,12,81
R0379,Foam_Unit,Depot_C,3,Deployed,10,20.6,0.4,71.9,30.5,2,0.78,167,High,Online,INC003,89,60
R0380,Rescue_Team,Plant_E,10,Available,18,0.2,0.0,,64.1,6,0.88,64,Critical,Online,None,62,22
R0381,Hazmat_Team,Plant_C,16,Unavailable,25,22.5,0.15,,79.5,15,0.05,7,Low,Online,None,49,66
R0382,Safety_Officer,Hospital_A,1,Available,11,21.8,0.0,,40.8,1,0.82,4,High,Online,None,20,26
R0383,Rescue_Team,Plant_C,22,Deployed,10,20.1,0.14,,85.6,13,0.88,165,Critical,Online,INC004,45,76
R0384,Evacuation_Bus,Plant_A,39,Unavailable,17,10.7,0.03,53.4,41.9,25,0.18,93,Low,Online,None,20,23
R0385,Rescue_Team,Plant_D,7,Available,20,9.1,0.0,,88.2,6,0.77,172,Medium,Online,None,21,80
R0386,Safety_Officer,Plant_G,5,Unavailable,11,0.4,0.09,,59.1,2,0.39,109,Medium,Online,None,48,52
R0387,Hazmat_Team,Depot_C,11,Available,23,0.8,0.0,,87.7,9,0.78,159,Low,Intermittent,None,98,41
R0388,Ambulance,Hospital_C,7,Available,5,0.6,0.0,44.1,72.3,5,0.99,8,Low,Intermittent,None,31,6
R0389,Fire_Team,Plant_C,25,Available,16,6.0,0.0,,62.7,15,0.74,10,Low,Online,None,37,78
R0390,Water_Tanker,Plant_B,15,Deployed,26,13.0,0.92,96.5,56.4,14,0.68,30,Critical,Online,None,70,42
R0391,Hazmat_Team,Plant_D,15,Unavailable,13,22.9,0.17,,77.9,12,0.08,91,Medium,Online,None,16,92
R0392,Medical_Team,Plant_F,13,Available,16,22.5,0.0,,20.2,12,0.6,168,Medium,Online,None,84,70
R0393,Mobile_Command,Plant_A,1,Deployed,28,7.9,0.87,,77.5,1,0.78,133,Critical,Online,INC004,19,21
R0394,Spill_Response,Plant_E,14,Available,24,15.0,0.0,,70.6,9,0.92,76,Low,Online,None,57,15
R0395,Water_Tanker,Plant_D,9,Deployed,22,9.9,0.87,18.0,57.6,8,0.71,166,Low,Online,INC003,15,82
R0396,Mobile_Command,Plant_B,4,Available,10,13.4,0.0,,93.6,2,0.56,82,Medium,Intermittent,None,87,49
R0397,Rescue_Team,Plant_A,18,Available,14,24.1,0.0,,54.8,15,0.88,150,Medium,Online,None,2,27
R0398,Fire_Team,Plant_H,15,Available,13,17.8,0.0,,51.0,13,0.92,50,High,Online,None,14,61
R0399,Foam_Unit,Plant_C,5,Available,13,21.0,0.0,47.9,67.5,4,0.57,58,Medium,Online,None,46,68
R0400,Ambulance,Hospital_C,3,Available,10,20.8,0.0,52.9,20.5,2,0.72,121,Low,Online,None,38,9
R0401,Hazmat_Team,Plant_F,8,Deployed,22,20.8,0.09,,69.0,7,0.77,19,Medium,Online,INC005,83,77
R0402,Hazmat_Team,Depot_C,15,Deployed,16,6.5,0.8,,56.9,12,0.71,82,Medium,Online,INC002,95,58
R0403,Spill_Response,Hospital_D,15,Available,12,15.0,0.0,,54.3,10,0.84,116,High,Online,None,75,16
R0404,Mobile_Command,Hospital_D,1,Maintenance,14,3.1,0.16,,48.8,1,0.57,123,Critical,Online,None,88,17
R0405,Safety_Officer,Plant_D,4,Deployed,6,22.3,0.56,,67.7,3,0.61,102,Critical,Online,INC001,34,84
R0406,Foam_Unit,Depot_C,10,Maintenance,6,24.7,0.18,73.9,73.8,8,0.75,94,Low,Offline,None,100,40
R0407,Rescue_Helicopter,Depot_A,3,Available,20,22.0,0.0,71.8,51.6,2,0.7,130,Critical,Online,None,1,81
R0408,Fire_Team,Plant_D,20,Deployed,4,18.9,0.93,,68.0,17,0.79,174,High,Intermittent,INC002,31,77
R0409,Water_Tanker,Plant_C,10,Available,25,1.8,0.0,63.6,49.9,9,0.65,165,High,Offline,None,36,65
R0410,Ambulance,Plant_C,5,Available,10,18.6,0.0,47.0,66.1,3,0.83,60,Low,Online,None,49,72
R0411,Rescue_Team,Depot_A,10,Available,16,12.4,0.0,,55.0,8,0.78,99,Critical,Online,None,2,87
R0412,Rescue_Helicopter,Hospital_C,3,Deployed,8,3.5,0.6,55.3,82.5,1,0.95,85,High,Online,None,36,24
R0413,Fire_Team,Hospital_B,28,Available,12,19.7,0.0,,97.5,27,0.98,27,High,Online,None,80,75
R0414,Water_Tanker,Plant_E,11,Available,8,2.9,0.0,37.3,87.6,7,0.71,60,High,Offline,None,66,12
R0415,Foam_Unit,Plant_H,10,Available,14,13.6,0.0,39.9,90.3,6,0.79,30,Critical,Online,None,24,61
R0416,Medical_Team,Depot_C,7,Deployed,14,18.4,0.74,,31.1,3,0.83,61,Low,Online,None,96,60
R0417,Water_Tanker,Plant_B,12,Available,19,11.6,0.0,22.2,67.4,6,0.86,31,Low,Online,None,88,43
R0418,Spill_Response,Plant_E,7,Available,8,24.2,0.0,,62.4,6,0.76,172,High,Intermittent,None,69,11
R0419,Foam_Unit,Plant_A,9,Available,11,0.8,0.0,67.5,43.7,8,0.7,46,Low,Online,None,19,22
R0420,Mobile_Command,Hospital_A,3,Deployed,21,19.4,0.8,,29.5,2,0.58,147,High,Online,INC001,26,39
R0421,Ambulance,Plant_D,5,Available,12,4.8,0.0,92.0,30.3,2,0.81,149,Medium,Online,None,16,85
R0422,Fire_Team,Depot_A,24,Deployed,3,2.1,0.12,,46.2,17,0.78,48,High,Online,INC004,5,82
R0423,Mobile_Command,Plant_F,4,Available,18,20.0,0.0,,94.1,3,0.8,108,Medium,Online,None,93,67
R0424,Ambulance,Plant_H,2,Available,11,7.5,0.0,49.8,53.1,1,0.77,113,Low,Online,None,15,49
R0425,Safety_Officer,Hospital_C,3,Deployed,7,10.1,0.45,,75.6,1,0.98,100,Critical,Online,INC005,41,9
R0426,Rescue_Team,Plant_A,24,Deployed,14,11.5,0.1,,28.8,15,0.79,124,Medium,Online,INC002,5,30
R0427,Water_Tanker,Plant_A,23,Available,18,17.1,0.0,21.5,21.0,22,0.75,93,High,Online,None,6,12
R0428,Rescue_Helicopter,Hospital_C,3,Available,33,24.6,0.0,70.9,61.1,2,0.62,30,High,Online,None,46,25
R0429,Water_Tanker,Plant_C,9,Available,19,9.5,0.0,59.8,49.5,7,0.67,153,Critical,Online,None,50,70
R0430,Foam_Unit,Hospital_B,9,Available,21,15.8,0.0,99.2,50.2,7,0.68,151,Medium,Online,None,80,75
R0431,Medical_Team,Depot_B,7,Available,4,10.4,0.0,,64.0,6,0.67,116,Medium,Online,None,52,81
R0432,Ambulance,Plant_A,5,Available,5,8.3,0.0,87.3,35.1,3,0.98,114,Critical,Intermittent,None,2,19
R0433,Hazmat_Team,Plant_B,7,Available,14,13.5,0.0,,76.3,6,0.93,64,Low,Online,None,86,39
R0434,Medical_Team,Depot_B,4,Unavailable,20,6.2,0.04,,33.1,2,0.37,161,Critical,Online,None,59,77
R0435,Ambulance,Plant_C,2,Available,6,3.7,0.0,70.9,79.3,1,0.64,162,High,Online,None,40,72
R0436,Rescue_Team,Hospital_C,10,Available,18,2.0,0.0,,48.0,8,0.82,21,Medium,Online,None,40,7
R0437,Mobile_Command,Hospital_C,1,Available,10,9.9,0.0,,38.7,1,0.88,49,High,Online,None,41,15
R0438,Evacuation_Bus,Hospital_A,33,Deployed,14,16.7,0.87,26.2,78.8,20,0.56,115,Medium,Online,INC002,17,38
R0439,Mobile_Command,Plant_C,4,Deployed,28,2.0,0.82,,46.9,3,0.83,49,Medium,Online,INC005,43,75
R0440,Water_Tanker,Plant_A,11,Available,20,6.7,0.0,96.2,70.6,6,0.63,78,Low,Online,None,2,15
R0441,Ambulance,Plant_H,8,Deployed,16,24.4,0.3,71.7,28.6,7,0.6,79,Low,Online,INC004,20,46
R0442,Water_Tanker,Plant_B,17,Maintenance,10,18.8,0.18,54.5,70.9,10,0.66,148,High,Online,None,70,50
R0443,Evacuation_Bus,Plant_A,13,Available,30,21.7,0.0,93.0,98.9,8,0.58,133,Low,Online,None,19,25
R0444,Evacuation_Bus,Hospital_D,41,Available,15,7.4,0.0,76.5,64.4,34,0.97,127,High,Online,None,79,21
R0445,Fire_Team,Hospital_D,10,Available,5,22.3,0.0,,37.0,9,0.91,142,Low,Online,None,91,24
R0446,Mobile_Command,Plant_C,5,Available,29,3.2,0.0,,24.4,4,0.84,112,High,Online,None,49,67
R0447,Rescue_Helicopter,Plant_H,1,Available,18,20.8,0.0,78.3,77.3,1,0.84,94,High,Online,None,9,55
R0448,Water_Tanker,Plant_B,23,Available,6,20.7,0.0,30.3,71.3,20,0.61,168,High,Online,None,90,45
R0449,Water_Tanker,Plant_G,10,Deployed,11,6.6,0.33,85.9,35.7,5,0.97,171,Critical,Online,None,40,42
R0450,Foam_Unit,Hospital_B,7,Maintenance,7,4.5,0.08,79.0,57.4,5,0.95,27,Critical,Online,None,65,60
R0451,Rescue_Team,Hospital_C,21,Unavailable,7,21.2,0.21,,57.9,20,0.15,6,Low,Online,None,39,23
R0452,Rescue_Helicopter,Depot_C,2,Available,30,21.8,0.0,49.3,21.6,1,0.67,81,Medium,Online,None,92,58
R0453,Hazmat_Team,Hospital_C,13,Available,21,17.7,0.0,,30.5,8,0.79,166,Low,Online,None,34,17
R0454,Ambulance,Hospital_A,6,Available,9,12.2,0.0,53.2,61.3,5,0.72,80,High,Online,None,22,31
R0455,Safety_Officer,Plant_C,4,Unavailable,3,6.5,0.17,,27.0,2,0.35,64,High,Online,None,50,68
R0456,Water_Tanker,Plant_A,8,Available,25,15.7,0.0,85.8,81.7,4,0.6,126,Critical,Online,None,10,24
R0457,Water_Tanker,Plant_G,19,Available,8,6.5,0.0,58.2,42.2,12,0.92,2,Critical,Online,None,50,37
R0458,Foam_Unit,Plant_D,5,Maintenance,6,9.0,0.17,40.6,86.3,4,0.97,59,Critical,Online,None,22,78
R0459,Evacuation_Bus,Plant_C,28,Available,34,23.8,0.0,36.6,96.4,16,0.6,35,Critical,Online,None,41,72
R0460,Hazmat_Team,Plant_F,5,Available,8,14.3,0.0,,45.3,2,0.68,25,Low,Online,None,97,80
R0461,Mobile_Command,Plant_A,2,Maintenance,29,15.8,0.07,,20.1,1,0.99,139,High,Intermittent,None,3,12
R0462,Rescue_Team,Plant_G,20,Deployed,8,14.0,0.49,,97.2,11,0.99,37,Medium,Online,INC001,58,37
R0463,Rescue_Team,Depot_A,13,Available,13,7.0,0.0,,93.4,6,0.75,127,Low,Online,None,0,87
R0464,Evacuation_Bus,Plant_G,41,Available,20,0.3,0.0,55.3,73.2,25,0.8,115,Medium,Online,None,47,41
R0465,Evacuation_Bus,Plant_E,48,Available,23,0.7,0.0,18.5,28.4,43,0.9,112,Medium,Online,None,61,16
R0466,Safety_Officer,Plant_G,1,Available,7,25.0,0.0,,84.9,1,0.58,118,Critical,Online,None,50,46
R0467,Fire_Team,Plant_H,13,Deployed,9,11.7,0.25,,27.7,12,0.93,50,Medium,Online,INC001,21,49
R0468,Ambulance,Plant_H,3,Available,10,2.9,0.0,80.5,74.7,2,0.68,172,High,Online,None,23,51
R0469,Ambulance,Depot_A,6,Available,4,23.0,0.0,15.9,63.4,3,0.71,32,Medium,Online,None,15,88
R0470,Evacuation_Bus,Plant_B,18,Available,10,25.0,0.0,99.1,81.1,9,0.62,75,Medium,Online,None,88,50
R0471,Rescue_Team,Plant_G,18,Maintenance,20,11.2,0.12,,38.1,16,0.74,132,Medium,Online,None,47,46
R0472,Water_Tanker,Hospital_C,21,Available,26,6.7,0.0,52.8,54.5,14,0.59,142,High,Online,None,46,21
R0473,Hazmat_Team,Depot_B,12,Available,5,19.2,0.0,,49.4,6,0.81,23,High,Intermittent,None,53,78
R0474,Hazmat_Team,Plant_B,8,Available,12,8.4,0.0,,71.8,4,0.66,46,Medium,Online,None,79,33
R0475,Safety_Officer,Plant_D,6,Maintenance,10,10.8,0.1,,36.2,5,0.91,33,Low,Online,None,21,89
R0476,Medical_Team,Depot_B,4,Available,8,6.0,0.0,,67.4,3,0.87,151,Medium,Online,None,52,91
R0477,Medical_Team,Hospital_C,10,Deployed,7,18.8,0.93,,74.0,5,0.81,56,Low,Online,INC004,49,21
R0478,Medical_Team,Plant_E,13,Available,13,21.5,0.0,,51.8,9,0.63,2,Low,Online,None,64,10
R0479,Ambulance,Depot_C,4,Available,5,12.0,0.0,76.8,74.9,2,0.78,141,High,Online,None,90,53
R0480,Fire_Team,Plant_A,9,Deployed,9,10.4,0.18,,39.7,7,0.88,155,Medium,Online,None,6,30
R0481,Spill_Response,Hospital_C,10,Deployed,7,12.2,0.26,,53.2,8,0.87,74,Critical,Online,INC003,47,23
R0482,Medical_Team,Plant_A,15,Available,19,15.4,0.0,,28.6,12,0.65,4,Medium,Online,None,18,23
R0483,Mobile_Command,Plant_G,5,Available,9,15.5,0.0,,34.5,3,0.99,172,Low,Online,None,47,40
R0484,Medical_Team,Plant_H,3,Unavailable,19,10.0,0.2,,50.0,2,0.27,104,Medium,Online,None,6,59
R0485,Rescue_Helicopter,Depot_B,4,Available,16,10.7,0.0,97.0,96.0,2,0.86,81,Medium,Online,None,59,92
R0486,Spill_Response,Depot_B,6,Available,22,10.0,0.0,,94.8,5,0.66,45,Critical,Online,None,50,76
R0487,Medical_Team,Plant_H,9,Maintenance,13,5.8,0.04,,57.9,6,0.63,151,Low,Online,None,15,47
R0488,Mobile_Command,Hospital_C,5,Deployed,23,16.0,0.73,,37.4,3,0.97,108,Medium,Online,INC002,38,10
R0489,Evacuation_Bus,Plant_H,26,Deployed,21,21.3,0.5,98.9,20.5,20,0.88,127,Low,Online,INC003,16,61
R0490,Rescue_Helicopter,Depot_B,2,Maintenance,39,22.0,0.25,57.5,83.8,1,1.0,70,Critical,Online,None,63,94
R0491,Hazmat_Team,Depot_C,14,Unavailable,9,15.9,0.12,,22.6,13,0.11,19,Low,Online,None,100,50
R0492,Hazmat_Team,Hospital_A,12,Available,10,16.7,0.0,,35.3,8,1.0,119,Low,Online,None,19,27
R0493,Rescue_Helicopter,Plant_E,2,Available,25,10.4,0.0,26.8,86.5,1,0.68,116,Medium,Intermittent,None,71,23
R0494,Water_Tanker,Depot_B,5,Deployed,15,1.7,0.22,17.4,82.8,3,0.65,108,High,Intermittent,INC004,53,93
R0495,Evacuation_Bus,Plant_C,40,Available,31,23.1,0.0,61.0,84.9,31,0.7,55,Critical,Online,None,42,65
R0496,Fire_Team,Depot_C,30,Maintenance,9,22.6,0.2,,93.6,27,0.66,53,Medium,Intermittent,None,100,51
R0497,Fire_Team,Hospital_B,27,Available,18,19.7,0.0,,95.2,14,0.96,179,High,Online,None,67,62
R0498,Mobile_Command,Plant_G,2,Available,9,2.0,0.0,,41.7,1,0.62,60,Low,Online,None,50,49
R0499,Ambulance,Depot_A,6,Deployed,16,17.4,0.28,23.7,22.8,5,0.87,106,Low,Online,INC002,7,72
R0500,Rescue_Helicopter,Plant_D,2,Available,16,9.7,0.0,60.3,68.5,1,0.57,38,High,Online,None,21,90
R0501,Fire_Team,Plant_D,22,Available,9,14.3,0.0,,67.1,18,0.58,142,Low,Online,None,17,93
R0502,Foam_Unit,Plant_C,8,Deployed,10,6.0,0.46,96.9,59.7,6,0.91,126,High,Online,INC004,50,63
R0503,Rescue_Team,Plant_E,19,Available,22,12.3,0.0,,24.9,10,0.77,164,High,Online,None,67,20
R0504,Mobile_Command,Depot_B,5,Deployed,17,7.1,0.44,,86.6,4,0.96,48,Medium,Online,INC002,67,83
R0505,Medical_Team,Depot_C,13,Available,19,11.2,0.0,,22.2,8,0.79,144,High,Online,None,98,46
R0506,Evacuation_Bus,Plant_F,12,Available,33,7.1,0.0,49.6,76.5,6,0.75,56,Critical,Online,None,86,67
R0507,Spill_Response,Plant_C,10,Unavailable,13,19.7,0.01,,83.5,5,0.17,88,Medium,Online,None,42,62
R0508,Mobile_Command,Plant_F,5,Deployed,25,11.1,0.93,,23.7,3,0.59,113,Low,Online,INC004,87,76
R0509,Water_Tanker,Hospital_D,9,Maintenance,7,7.6,0.13,61.2,70.7,5,0.83,57,High,Online,None,91,23
R0510,Rescue_Team,Plant_C,24,Deployed,16,22.0,0.78,,41.8,13,0.78,38,Medium,Offline,INC003,49,64
R0511,Ambulance,Plant_D,3,Available,8,19.9,0.0,58.9,78.6,2,0.88,34,High,Online,None,20,92
R0512,Ambulance,Plant_D,8,Available,11,17.8,0.0,21.6,40.1,6,0.83,139,High,Online,None,21,83
R0513,Rescue_Helicopter,Plant_H,2,Available,27,9.4,0.0,84.9,69.0,1,0.77,35,Medium,Online,None,11,60
R0514,Safety_Officer,Plant_A,3,Maintenance,8,22.8,0.17,,34.1,2,0.87,125,Medium,Online,None,17,24
R0515,Foam_Unit,Depot_A,4,Maintenance,22,3.7,0.12,38.8,90.6,3,0.88,66,Medium,Online,None,9,90
R0516,Hazmat_Team,Plant_A,10,Available,13,9.8,0.0,,51.6,8,0.63,15,Low,Online,None,18,18
R0517,Water_Tanker,Plant_G,11,Available,8,5.0,0.0,94.3,46.9,9,0.98,128,High,Offline,None,58,50
R0518,Mobile_Command,Hospital_D,1,Available,28,14.3,0.0,,75.1,1,0.85,168,Low,Online,None,84,23
R0519,Fire_Team,Plant_E,12,Available,13,12.9,0.0,,85.2,11,0.83,127,Low,Online,None,55,7
R0520,Spill_Response,Plant_E,13,Deployed,16,5.3,0.83,,66.5,6,0.86,95,Critical,Online,None,59,23
R0521,Rescue_Team,Plant_H,18,Available,10,5.1,0.0,,66.7,15,0.76,108,Medium,Online,None,17,60
R0522,Foam_Unit,Depot_C,4,Available,16,3.7,0.0,36.7,39.4,3,0.92,94,High,Online,None,98,58
R0523,Fire_Team,Depot_B,22,Unavailable,5,5.6,0.24,,33.9,17,0.35,63,Medium,Intermittent,None,66,77
R0524,Medical_Team,Plant_D,12,Unavailable,17,13.6,0.16,,98.2,11,0.21,127,Critical,Online,None,30,76
R0525,Ambulance,Plant_E,3,Available,16,15.0,0.0,63.5,64.1,1,1.0,30,Low,Online,None,72,25
R0526,Spill_Response,Plant_E,8,Available,27,16.4,0.0,,40.7,6,0.92,170,Critical,Online,None,62,19
R0527,Safety_Officer,Plant_G,3,Available,13,6.8,0.0,,69.1,2,0.91,25,Critical,Online,None,52,45
R0528,Rescue_Helicopter,Plant_F,3,Deployed,31,1.9,0.74,49.9,63.7,2,0.75,171,Medium,Online,INC002,95,84
R0529,Fire_Team,Hospital_B,16,Available,11,13.7,0.0,,48.0,14,0.97,16,Low,Online,None,74,62
R0530,Medical_Team,Hospital_D,8,Deployed,13,15.7,0.56,,60.6,5,0.57,83,Critical,Online,None,76,19
R0531,Rescue_Helicopter,Plant_D,3,Available,24,11.3,0.0,89.1,54.1,1,0.84,171,High,Online,None,19,95
R0532,Foam_Unit,Hospital_B,7,Available,18,2.3,0.0,40.3,80.2,5,0.69,53,Medium,Online,None,82,75
R0533,Water_Tanker,Plant_G,6,Maintenance,20,15.9,0.06,46.7,20.9,5,0.82,40,Critical,Online,None,41,52
R0534,Ambulance,Plant_A,6,Maintenance,12,13.5,0.13,72.2,43.0,5,0.63,169,High,Online,None,17,24
R0535,Spill_Response,Plant_B,16,Available,25,13.8,0.0,,31.9,13,0.84,23,Low,Online,None,83,35
R0536,Spill_Response,Plant_H,12,Available,15,12.0,0.0,,31.0,7,0.76,71,High,Online,None,22,57
R0537,Spill_Response,Depot_B,7,Unavailable,16,19.4,0.07,,51.0,4,0.01,143,Low,Online,None,59,92
R0538,Fire_Team,Plant_D,24,Deployed,16,20.1,0.69,,63.1,20,0.71,36,High,Intermittent,None,18,92
R0539,Foam_Unit,Hospital_C,11,Available,23,3.3,0.0,27.2,48.0,9,0.9,26,Critical,Online,None,49,10
R0540,Foam_Unit,Hospital_A,4,Unavailable,16,10.5,0.01,80.9,51.1,2,0.34,128,Critical,Online,None,21,23
R0541,Medical_Team,Depot_A,7,Available,13,5.7,0.0,,96.0,4,0.78,148,Medium,Online,None,0,89
R0542,Foam_Unit,Plant_G,2,Maintenance,14,8.4,0.19,88.7,33.5,1,0.82,67,High,Online,None,46,38
R0543,Water_Tanker,Depot_B,20,Available,20,5.3,0.0,66.2,29.0,17,0.91,53,Medium,Online,None,53,95
R0544,Water_Tanker,Depot_C,18,Available,12,14.4,0.0,30.8,33.7,14,0.72,152,Medium,Online,None,94,54
R0545,Ambulance,Hospital_A,4,Maintenance,6,19.9,0.09,50.9,97.4,2,0.72,75,High,Online,None,16,32
R0546,Rescue_Team,Hospital_D,22,Available,16,10.1,0.0,,96.0,13,0.72,151,Medium,Online,None,79,23
R0547,Rescue_Helicopter,Plant_D,4,Unavailable,25,7.4,0.22,43.4,96.0,2,0.15,163,High,Online,None,35,89
R0548,Medical_Team,Plant_A,12,Deployed,19,3.6,0.43,,55.1,6,0.88,130,Critical,Online,None,16,29
R0549,Rescue_Team,Plant_A,14,Deployed,4,3.0,0.29,,61.8,10,0.79,59,Critical,Online,INC003,3,16
R0550,Safety_Officer,Depot_C,4,Maintenance,11,5.0,0.14,,65.8,3,0.97,172,Medium,Intermittent,None,87,49
R0551,Safety_Officer,Depot_A,3,Maintenance,7,11.0,0.12,,70.3,2,0.91,45,Critical,Online,None,11,80
R0552,Rescue_Team,Plant_A,9,Available,13,8.0,0.0,,38.0,8,0.8,107,Critical,Online,None,4,18
R0553,Water_Tanker,Hospital_C,12,Available,21,15.6,0.0,79.2,72.4,9,0.82,131,Low,Online,None,30,15
R0554,Fire_Team,Depot_B,23,Available,16,8.6,0.0,,80.5,16,0.7,102,Low,Online,None,64,77
R0555,Medical_Team,Depot_B,8,Available,12,4.1,0.0,,57.6,7,0.92,148,Critical,Online,None,62,93
R0556,Foam_Unit,Hospital_D,2,Available,16,10.3,0.0,40.5,54.2,1,0.73,12,Medium,Online,None,94,28
R0557,Ambulance,Hospital_D,3,Maintenance,8,12.1,0.03,57.1,79.6,1,0.97,142,High,Online,None,93,11
R0558,Water_Tanker,Hospital_C,18,Available,17,15.6,0.0,18.2,46.2,11,0.97,121,High,Online,None,43,14
R0559,Safety_Officer,Plant_G,6,Available,13,13.2,0.0,,98.3,3,0.6,103,Medium,Online,None,52,42
R0560,Rescue_Team,Plant_B,14,Available,5,7.1,0.0,,71.3,8,0.7,117,High,Online,None,70,33
R0561,Medical_Team,Plant_A,15,Available,5,4.5,0.0,,49.3,9,0.62,9,Low,Intermittent,None,8,16
R0562,Ambulance,Plant_A,4,Available,5,7.0,0.0,29.8,37.8,3,0.98,131,Low,Online,None,0,18
R0563,Fire_Team,Plant_F,13,Available,8,7.9,0.0,,29.3,11,0.71,178,High,Intermittent,None,93,81
R0564,Hazmat_Team,Plant_F,10,Available,7,21.5,0.0,,81.4,7,0.83,81,Low,Online,None,83,74
R0565,Spill_Response,Hospital_B,7,Available,21,9.0,0.0,,94.9,3,0.59,56,Low,Online,None,76,63
R0566,Rescue_Team,Hospital_B,25,Available,7,20.2,0.0,,58.3,18,0.89,36,High,Intermittent,None,65,66
R0567,Foam_Unit,Plant_D,2,Available,21,11.2,0.0,18.2,24.3,1,0.84,82,Low,Online,None,15,95
R0568,Mobile_Command,Plant_C,1,Unavailable,17,21.6,0.12,,39.9,1,0.19,82,Low,Intermittent,None,45,77
R0569,Evacuation_Bus,Plant_F,23,Available,9,1.5,0.0,86.1,32.9,20,0.67,93,High,Online,None,87,76
R0570,Rescue_Helicopter,Plant_H,3,Available,34,22.5,0.0,53.7,77.4,1,0.85,96,Medium,Online,None,12,54
R0571,Spill_Response,Hospital_A,8,Available,14,1.4,0.0,,34.5,5,0.61,29,High,Offline,None,17,24
R0572,Medical_Team,Depot_C,8,Available,19,24.0,0.0,,72.7,4,0.96,77,Critical,Online,None,87,42
R0573,Foam_Unit,Hospital_A,5,Available,13,19.1,0.0,33.4,30.5,4,0.62,64,Critical,Online,None,27,26
R0574,Evacuation_Bus,Hospital_A,44,Maintenance,14,20.4,0.24,55.4,99.4,22,0.59,178,Critical,Online,None,27,33
R0575,Hazmat_Team,Depot_A,4,Available,13,3.4,0.0,,77.6,3,0.73,76,Medium,Online,None,3,84
R0576,Ambulance,Plant_C,3,Available,14,13.0,0.0,67.9,80.6,2,0.82,159,Medium,Offline,None,39,60
R0577,Evacuation_Bus,Depot_B,49,Maintenance,11,16.1,0.1,98.0,29.9,33,0.81,77,Medium,Online,None,59,92
R0578,Mobile_Command,Hospital_C,1,Available,19,11.5,0.0,,84.6,1,0.65,145,Medium,Online,None,42,18
R0579,Medical_Team,Hospital_C,3,Available,20,8.3,0.0,,47.3,1,0.63,108,High,Online,None,33,15
R0580,Rescue_Helicopter,Hospital_B,3,Available,18,8.8,0.0,77.0,71.5,2,0.95,136,Medium,Online,None,65,63
R0581,Water_Tanker,Hospital_D,15,Deployed,7,22.1,0.54,87.1,43.1,10,0.73,71,Medium,Online,INC001,89,29
R0582,Rescue_Helicopter,Plant_B,4,Available,32,10.1,0.0,48.7,79.0,3,0.63,24,Low,Online,None,82,47
R0583,Safety_Officer,Plant_A,5,Deployed,6,17.4,0.42,,80.2,3,0.84,112,Low,Online,INC002,19,29
R0584,Rescue_Team,Plant_G,14,Available,7,11.9,0.0,,33.2,7,0.66,127,Low,Online,None,54,45
R0585,Water_Tanker,Plant_A,6,Available,6,20.1,0.0,35.2,78.9,4,0.65,163,Medium,Online,None,5,22
R0586,Mobile_Command,Plant_D,2,Available,22,19.3,0.0,,69.4,1,0.81,7,Critical,Online,None,16,83
R0587,Ambulance,Depot_B,7,Unavailable,9,2.5,0.2,38.7,79.9,5,0.19,16,High,Online,None,50,85
R0588,Mobile_Command,Plant_E,2,Available,16,16.0,0.0,,41.6,1,0.99,8,Critical,Online,None,69,11
R0589,Ambulance,Plant_A,5,Available,15,14.2,0.0,84.5,58.3,4,0.62,84,Medium,Online,None,0,25
R0590,Mobile_Command,Plant_C,2,Unavailable,17,6.7,0.23,,95.4,1,0.0,86,Low,Online,None,49,63
R0591,Rescue_Team,Plant_E,7,Available,6,12.8,0.0,,95.5,4,0.83,49,High,Online,None,67,20
R0592,Foam_Unit,Depot_C,3,Unavailable,8,5.2,0.03,18.9,76.0,2,0.14,78,High,Online,None,90,56
R0593,Safety_Officer,Plant_B,4,Available,10,23.7,0.0,,91.2,3,0.77,80,Critical,Online,None,82,49
R0594,Mobile_Command,Plant_B,3,Available,12,3.6,0.0,,99.1,2,0.84,81,High,Online,None,79,42
R0595,Spill_Response,Plant_A,7,Available,23,1.1,0.0,,69.8,3,0.88,51,High,Online,None,14,26
R0596,Spill_Response,Plant_F,9,Deployed,27,5.7,0.55,,69.1,8,0.98,127,Low,Online,None,98,66
R0597,Water_Tanker,Hospital_A,9,Available,22,8.8,0.0,85.0,77.9,6,0.56,95,Low,Online,None,22,36
R0598,Hazmat_Team,Depot_C,6,Maintenance,11,9.9,0.15,,58.1,4,0.81,87,Medium,Online,None,100,57
R0599,Fire_Team,Depot_A,26,Deployed,12,15.2,0.29,,32.6,24,0.77,31,High,Online,INC003,11,76
R0600,Ambulance,Hospital_D,6,Unavailable,15,2.4,0.02,92.2,46.6,3,0.08,100,Low,Offline,None,76,19
